Workbook
Name CertCode: General!$F$4
Name CertDate: [1]General!$F$5
Name CertDate: General!$F$5
Name CertHR: [2]General!$I$13
Name CertHR: [1]General!$I$13
Name CertHR: General!$I$13
Name CertHRIncerti: [2]General!$I$14
Name CertHRIncerti: [1]General!$I$14
Name CertHRIncerti: General!$I$14
Name CertNum: [1]General!$F$3
Name CertNum: General!$F$3
Name CertPres: General!$I$18
Name CertPresIncert: General!$I$19
Name CertTempC: [2]General!$I$8
Name CertTempC: [1]General!$I$8
Name CertTempC: General!$I$8
Name CertTempFin: General!$I$7
Name CertTempIncerti: [2]General!$I$9
Name CertTempIncerti: [1]General!$I$9
Name CertTempIncerti: General!$I$9
Name CertTempIni: General!$I$6
Name ClientAdr: General!$L$4
Name ClientName: General!$L$3
Name ClientPlace: General!$L$5
Name coef_unidad: [2]Calibración!$E$7
Name coef_unidad: [1]Calibración!$E$7
Name coef_unidad: Calibración!$E$7
Name decim: [2]Calibración!$F$9
Name decim: [1]Calibración!$F$9
Name decim: Calibración!$F$9
Name deltaMconv: '[3]BD Patron'!$AM$17:$AT$28
Name deltaT: '[3]BD Patron'!$AM$16:$AT$16
Name DivEscalaPatr: [2]Calibración!$J$6
Name DivEscalaPatr: [1]Calibración!$J$6
Name DivEscalaPatr: Calibración!$J$6
Name Histeresis: [2]Calibración!$P$4
Name Histeresis: [1]Calibración!$P$4
Name Histeresis: Calibración!$P$4
Name Incert_Pozo: [2]Calibración!$Q$10
Name Incert_Pozo: [1]Calibración!$Q$10
Name Incert_Pozo: Calibración!$Q$10
Name MnomDeltaT: '[3]BD Patron'!$AL$17:$AL$28
Name NumPuntosCalib: [2]Calibración!$P$40
Name NumPuntosCalib: [1]Calibración!$P$40
Name NumPuntosCalib: Calibración!$P$40
Name RangoMedida: [2]General!$F$11
Name RangoMedida: [1]General!$F$11
Name RangoMedida: General!$F$11
Name Rcuadrado: Calibración!$O$41
Name ResolTerm: [2]Calibración!$F$5
Name ResolTerm: [1]Calibración!$F$5
Name ResolTerm: Calibración!$F$5
Name RngLinealidad: [3]Calibración!$C$34:$C$44
Name tblComp_U: [2]!tblCompU[#Data]
Name tblComp_U: [1]!tblCompU[#Data]
Name tblComp_U: 'kU(E)'!$B$9:$P$16
Name TermometroCode: [1]General!$F$6
Name TermometroCode: General!$F$6
Name TermometroIncertid: General!$F$13
Name TermometroMarca: General!$F$8

Sheet NI-R01-MCIT-T-01
A5: 1. INFORMACIÓN DEL CLIENTE
A6: Empresa | B6: Agricola Nicavista | G6: Fecha | H6: 44964
A7: Lugar de calibración | C7: Laboratorio | G7: NI-CS- | H7: NI-CS-0063-23
A9: 2. INFORMACIÓN EQUIPO
A10: Descripción dispositivo
A11: Fabricante/Marca | E11: Unidad
A12: No de serie | E12: Modelo
A13: Rango de medida | E13: Código
A14: Resolución | E14: Analógico | G14: Digital
A16: 3. CONDICIONES AMBIENTALES
A17: Condiciones Ambientales | B17: T. A. (ºC): | C17: HR (%): | D17: Higrotermómetro código: | F17: PA (hPa) | G17: Barómetro código | I17: t estabilización [minutos]
A18: Iniciales
A19: Finales
A21: 4. RESULTADOS DE LA CALIBRACIÓN
B22: Linealidad
B23: Indicación del patrón | C23: Indicación del termómetro | D23: Indicación del patrón | E23: Indicación del termómetro | F23: Indicación del patrón | G23: Indicación del termómetro
A35: 5. DESCRIPCIÓN DEL METODO
A36: NI-MCIT-T-01 Instrucción para calibración de termómetros
A38: 6. DESCRIPCIÓN DE LOS PATRONES UTILIZADOS
A39: NI-MCPT- | C39: NI-MCPT- | E39: NI-MCPT-
A40: NI-MCPT- | C40: NI-MCPT- | E40: NI-MCPT-
A42: 7. OBSERVACIONES
A46: 8. REALIZADO POR | E46: REVISADO Y APROBADO
A47: Firma: | E47: Firma:
A49: 9. NÚMERO DE CERTIFICADO | D49: EMITIÓ | G49: FECHA
A50: NI-MC-T-1325-2023 | D50: Firma:

Sheet General
B2: Hoja de cálculo | C2: Detalles | E2: Certificado Balanza | F2: Detalles | H2: Condiciones ambientales | I2: Detalles | K2: Cliente | L2: Detalles
B3: Código | C3: NI-R02-MCIT-T-01 | E3: Identificación del certificado | F3: ='NI-R01-MCIT-T-01'!A50 -> NI-MC-T-1325-2023 | H3: Lugar de calibración | I3: in situ | K3: Solicitante | L3: ='NI-R01-MCIT-T-01'!B6 -> Agricola Nicavista
B4: Versión | C4: 3 | E4: Código de servicio | F4: ='NI-R01-MCIT-T-01'!H7 -> NI-CS-0063-23 | H4: Higrotermometro código | I4: ='NI-R01-MCIT-T-01'!D18 -> 0 | K4: Dirección del solicitante | L4: =IFERROR(VLOOKUP(L3,tblClientes[[Nombre]:[Direccion]],2,FALSE),"") -> Ciudad Rama, Atlántico Sur, Nicaragua
B5: Fecha de revisión | C5: 43170 | E5: Fecha de calibración | F5: ='NI-R01-MCIT-T-01'!H6 -> 44964 | H5: Higrotermometro marca | I5: =VLOOKUP(I4,'BD Patron'!C6:L10,2,FALSE) -> #N/A | K5: Lugar de calibración | L5: ='NI-R01-MCIT-T-01'!C7 -> Laboratorio
B6: Fecha de validación | C6: 43139 | E6: Código de identificación | F6: ='NI-R01-MCIT-T-01'!F13 -> 0 | H6: Temperatura ambiental inicial, °C | I6: ='NI-R01-MCIT-T-01'!B18 -> 0
B7: Fecha de aprobación | E7: Objeto de calibración | F7: ='NI-R01-MCIT-T-01'!C10 -> 0 | H7: Temperatura ambiental final, °C | I7: ='NI-R01-MCIT-T-01'!B19 -> 0
B8: Aprobada por | E8: Fabricante / Marca | F8: ='NI-R01-MCIT-T-01'!C11 -> 0 | H8: Promedio temperaturas, °C | I8: =IFERROR(AVERAGE(I6:I7),"") -> 0
B9: Director técnico | C9: Ing. Fredman A. Méndez M. | E9: Modelo | F9: ='NI-R01-MCIT-T-01'!F12 -> 0 | H9: Exactitud med. temp. ambiental ± 0C | I9: =VLOOKUP(I4,'BD Patron'!C6:L10,8,FALSE) -> #N/A
B10: Director calidad | C10: Ing. Fredman A. Méndez M. | E10: Serie | F10: ='NI-R01-MCIT-T-01'!C12 -> 0 | H10: Resolución temperatura higrotm. 0C | I10: =VLOOKUP(I4,'BD Patron'!C6:L10,4,FALSE) -> #N/A
E11: Rango de medida | F11: ='NI-R01-MCIT-T-01'!C13 -> 0 | H11: Humedad relativa inicial, % | I11: ='NI-R01-MCIT-T-01'!C18 -> 0
E12: Resolución | F12: ='NI-R01-MCIT-T-01'!C14 -> 0 | H12: Humedad relativa final, % | I12: ='NI-R01-MCIT-T-01'!C19 -> 0
C13: Fórmulas de búsqueda | E13: Incertidumbre fabricante ± | H13: Promedio humedad relativa, % | I13: =IFERROR(AVERAGE(I11:I12),"") -> 0
H14: Exactitud medición HR ± % | I14: =VLOOKUP(I4,'BD Patron'!C6:L10,9,FALSE) -> #N/A
C15: Celdas fuente listas despl. | H15: Resolución higrotermometro HR % | I15: =VLOOKUP(I4,'BD Patron'!C6:L10,5,FALSE) -> #N/A
H16: Presión barométrica inicial, hPa | I16: ='NI-R01-MCIT-T-01'!F18 -> 0
C17: Resultados de cálculos | H17: Presión barométrica final, hPa | I17: ='NI-R01-MCIT-T-01'!F19 -> 0
H18: Promedio presión barométrica, hPa | I18: =IFERROR(AVERAGE(I16:I17),"") -> 0
C19: Celda condicional | H19: Exactitud medición PB ± | I19: 10
W98: Datalogger
W99: Termómetro Analógico
W100: Termómetro Digital
W101: Termómetro Bimetálico
W102: Termómetro Infrarrojo
W103: Termómetro Líquido en Vidrio
W104: Termo Balanza
W105: Termoregistrador
W106: Transmisores de Temperatura
W107: Sensor de RTD
W108: Sensor Termopar
W109: Sensor Termocupla
... W127: No aplica

Sheet kU(E)
B2: Presupuesto de incertidumbre expandida | G2: Nota de mantenimiento de la hoja: si mueve la tabla de componentes de incertidumbre, tiene que
B3: Parámetro | C3: Símbolo | D3: Unidad | E3: Valor | G3: componer las fórmulas, ya que hacen referencia en la octava línea de esta hoja de Excel,
B4: Dif. temps. entre ambiente y patrón | C4: DT | D4: °C | E4: 0 | G4: que es la línea de los encabezados de la tabla.
B5: Tiempo ambientación | C5: tamb. | D5: min | E5: 30
B7: Componentes incertidumbre combinada todos los puntos calibración | G7: =IFERROR(CONCATENATE(FIXED(Calibración!C32,decim),unidad),"") -> 0.0°C | H7: =IFERROR(CONCATENATE(FIXED(Calibración!C33,decim),unidad),"") -> 0.0°C | I7: =IFERROR(CONCATENATE(FIXED(Calibración!C34,decim),unidad),"") -> 0.0°C | J7: =IFERROR(CONCATENATE(FIXED(Calibración!C35,decim),unidad),"") -> 0.0°C | K7: =IFERROR(CONCATENATE(FIXED(Calibración!C36,decim),unidad),"") -> 0.0°C | L7: =IFERROR(CONCATENATE(FIXED(Calibración!C37,decim),unidad),"") -> 0.0°C | M7: =IFERROR(CONCATENATE(FIXED(Calibración!C38,decim),unidad),"") -> 0.0°C | N7: =IFERROR(CONCATENATE(FIXED(Calibración!C39,decim),unidad),"") -> 0.0°C | O7: =IFERROR(CONCATENATE(FIXED(Calibración!C40,decim),unidad),"") -> 0.0°C | P7: =IFERROR(CONCATENATE(FIXED(Calibración!C41,decim),unidad),"") -> 0.0°C
B8: Fuente de incertidumbre | C8: Símbolo | D8: Distrib. | E8: Divisor | F8: Coef. ci | G8: 1 | H8: 2 | I8: 3 | J8: 4 | K8: 5 | L8: 6 | M8: 7 | N8: 8 | O8: 9 | P8: 10
B9: Resolución del patrón | C9: u(dPd) | D9: Rectang. | E9: =SQRT(12) -> 3.4641016 | F9: 1 | G9: =IF(G10=0,0,DivEscalaPatr*'kU(E)'!$F9/'kU(E)'!$E9) -> 0.00028867513 | H9: =IF(H10=0,0,DivEscalaPatr*'kU(E)'!$F9/'kU(E)'!$E9) -> 0.00028867513 | I9: =IF(I10=0,0,DivEscalaPatr*'kU(E)'!$F9/'kU(E)'!$E9) -> 0.00028867513 | J9: =IF(J10=0,0,DivEscalaPatr*'kU(E)'!$F9/'kU(E)'!$E9) -> 0.00028867513 | K9: =IF(K10=0,0,DivEscalaPatr*'kU(E)'!$F9/'kU(E)'!$E9) -> 0.00028867513 | L9: =IF(L10=0,0,DivEscalaPatr*'kU(E)'!$F9/'kU(E)'!$E9) -> 0.00028867513 | M9: =IF(M10=0,0,DivEscalaPatr*'kU(E)'!$F9/'kU(E)'!$E9) -> 0.00028867513 | N9: =IF(N10=0,0,DivEscalaPatr*'kU(E)'!$F9/'kU(E)'!$E9) -> 0.00028867513 | ... P9: =IF(P10=0,0,DivEscalaPatr*'kU(E)'!$F9/'kU(E)'!$E9) -> 0.00028867513
B10: Incertidumbre calibración del patron | C10: u(dPref.) | D10: Normal | E10: 2 | F10: 1 | G10: =IFERROR(INDEX(tblResultCalib[Incertid. patrón],MATCH(_xlfn.NUMBERVALUE(INDIRECT(ADDRESS(8,COLUMN()))),tblResultCalib['#],0))*'kU(E)'!$F10/'kU(E)'!$E10,0) -> 0.01 | H10: =IFERROR(INDEX(tblResultCalib[Incertid. patrón],MATCH(_xlfn.NUMBERVALUE(INDIRECT(ADDRESS(8,COLUMN()))),tblResultCalib['#],0))*'kU(E)'!$F10/'kU(E)'!$E10,0) -> 0.01 | I10: =IFERROR(INDEX(tblResultCalib[Incertid. patrón],MATCH(_xlfn.NUMBERVALUE(INDIRECT(ADDRESS(8,COLUMN()))),tblResultCalib['#],0))*'kU(E)'!$F10/'kU(E)'!$E10,0) -> 0.01 | J10: =IFERROR(INDEX(tblResultCalib[Incertid. patrón],MATCH(_xlfn.NUMBERVALUE(INDIRECT(ADDRESS(8,COLUMN()))),tblResultCalib['#],0))*'kU(E)'!$F10/'kU(E)'!$E10,0) -> 0.01 | K10: =IFERROR(INDEX(tblResultCalib[Incertid. patrón],MATCH(_xlfn.NUMBERVALUE(INDIRECT(ADDRESS(8,COLUMN()))),tblResultCalib['#],0))*'kU(E)'!$F10/'kU(E)'!$E10,0) -> 0.01 | L10: =IFERROR(INDEX(tblResultCalib[Incertid. patrón],MATCH(_xlfn.NUMBERVALUE(INDIRECT(ADDRESS(8,COLUMN()))),tblResultCalib['#],0))*'kU(E)'!$F10/'kU(E)'!$E10,0) -> 0.01 | M10: =IFERROR(INDEX(tblResultCalib[Incertid. patrón],MATCH(_xlfn.NUMBERVALUE(INDIRECT(ADDRESS(8,COLUMN()))),tblResultCalib['#],0))*'kU(E)'!$F10/'kU(E)'!$E10,0) -> 0.01 | N10: =IFERROR(INDEX(tblResultCalib[Incertid. patrón],MATCH(_xlfn.NUMBERVALUE(INDIRECT(ADDRESS(8,COLUMN()))),tblResultCalib['#],0))*'kU(E)'!$F10/'kU(E)'!$E10,0) -> 0.01 | ... P10: =IFERROR(INDEX(tblResultCalib[Incertid. patrón],MATCH(_xlfn.NUMBERVALUE(INDIRECT(ADDRESS(8,COLUMN()))),tblResultCalib['#],0))*'kU(E)'!$F10/'kU(E)'!$E10,0) -> 0.01
B11: Interpolación corrección del patrón | C11: u(dPint.) | D11: Triangular | E11: =SQRT(6) -> 2.4494897 | F11: 1 | G11: =IFERROR(INDEX(tblResultCalib[Corrección patrón],MATCH(_xlfn.NUMBERVALUE(INDIRECT(ADDRESS(8,COLUMN()))),tblResultCalib['#],0))*'kU(E)'!$F11/'kU(E)'!$E11,0) -> -0.00082294621 | H11: =IFERROR(INDEX(tblResultCalib[Corrección patrón],MATCH(_xlfn.NUMBERVALUE(INDIRECT(ADDRESS(8,COLUMN()))),tblResultCalib['#],0))*'kU(E)'!$F11/'kU(E)'!$E11,0) -> -0.00082294621 | I11: =IFERROR(INDEX(tblResultCalib[Corrección patrón],MATCH(_xlfn.NUMBERVALUE(INDIRECT(ADDRESS(8,COLUMN()))),tblResultCalib['#],0))*'kU(E)'!$F11/'kU(E)'!$E11,0) -> -0.00082294621 | J11: =IFERROR(INDEX(tblResultCalib[Corrección patrón],MATCH(_xlfn.NUMBERVALUE(INDIRECT(ADDRESS(8,COLUMN()))),tblResultCalib['#],0))*'kU(E)'!$F11/'kU(E)'!$E11,0) -> -0.00082294621 | K11: =IFERROR(INDEX(tblResultCalib[Corrección patrón],MATCH(_xlfn.NUMBERVALUE(INDIRECT(ADDRESS(8,COLUMN()))),tblResultCalib['#],0))*'kU(E)'!$F11/'kU(E)'!$E11,0) -> -0.00082294621 | L11: =IFERROR(INDEX(tblResultCalib[Corrección patrón],MATCH(_xlfn.NUMBERVALUE(INDIRECT(ADDRESS(8,COLUMN()))),tblResultCalib['#],0))*'kU(E)'!$F11/'kU(E)'!$E11,0) -> -0.00082294621 | M11: =IFERROR(INDEX(tblResultCalib[Corrección patrón],MATCH(_xlfn.NUMBERVALUE(INDIRECT(ADDRESS(8,COLUMN()))),tblResultCalib['#],0))*'kU(E)'!$F11/'kU(E)'!$E11,0) -> -0.00082294621 | N11: =IFERROR(INDEX(tblResultCalib[Corrección patrón],MATCH(_xlfn.NUMBERVALUE(INDIRECT(ADDRESS(8,COLUMN()))),tblResultCalib['#],0))*'kU(E)'!$F11/'kU(E)'!$E11,0) -> -0.00082294621 | ... P11: =IFERROR(INDEX(tblResultCalib[Corrección patrón],MATCH(_xlfn.NUMBERVALUE(INDIRECT(ADDRESS(8,COLUMN()))),tblResultCalib['#],0))*'kU(E)'!$F11/'kU(E)'!$E11,0) -> -0.00082294621
A12: Sí | B12: Deriva patrón | C12: u(dPder.) | D12: Rectang. | E12: =SQRT(3) -> 1.7320508 | F12: 1 | G12: =IF($A$12="No",0,IFERROR(INDEX(tblResultCalib[Deriva patrón],MATCH(_xlfn.NUMBERVALUE(INDIRECT(ADDRESS(8,COLUMN()))),tblResultCalib['#],0))*'kU(E)'!$F12/'kU(E)'!$E12,0)) -> 0.00058522762 | H12: =IF($A$12="No",0,IFERROR(INDEX(tblResultCalib[Deriva patrón],MATCH(_xlfn.NUMBERVALUE(INDIRECT(ADDRESS(8,COLUMN()))),tblResultCalib['#],0))*'kU(E)'!$F12/'kU(E)'!$E12,0)) -> 0.00058522762 | I12: =IF($A$12="No",0,IFERROR(INDEX(tblResultCalib[Deriva patrón],MATCH(_xlfn.NUMBERVALUE(INDIRECT(ADDRESS(8,COLUMN()))),tblResultCalib['#],0))*'kU(E)'!$F12/'kU(E)'!$E12,0)) -> 0.00058522762 | J12: =IF($A$12="No",0,IFERROR(INDEX(tblResultCalib[Deriva patrón],MATCH(_xlfn.NUMBERVALUE(INDIRECT(ADDRESS(8,COLUMN()))),tblResultCalib['#],0))*'kU(E)'!$F12/'kU(E)'!$E12,0)) -> 0.00058522762 | K12: =IF($A$12="No",0,IFERROR(INDEX(tblResultCalib[Deriva patrón],MATCH(_xlfn.NUMBERVALUE(INDIRECT(ADDRESS(8,COLUMN()))),tblResultCalib['#],0))*'kU(E)'!$F12/'kU(E)'!$E12,0)) -> 0.00058522762 | L12: =IF($A$12="No",0,IFERROR(INDEX(tblResultCalib[Deriva patrón],MATCH(_xlfn.NUMBERVALUE(INDIRECT(ADDRESS(8,COLUMN()))),tblResultCalib['#],0))*'kU(E)'!$F12/'kU(E)'!$E12,0)) -> 0.00058522762 | M12: =IF($A$12="No",0,IFERROR(INDEX(tblResultCalib[Deriva patrón],MATCH(_xlfn.NUMBERVALUE(INDIRECT(ADDRESS(8,COLUMN()))),tblResultCalib['#],0))*'kU(E)'!$F12/'kU(E)'!$E12,0)) -> 0.00058522762 | N12: =IF($A$12="No",0,IFERROR(INDEX(tblResultCalib[Deriva patrón],MATCH(_xlfn.NUMBERVALUE(INDIRECT(ADDRESS(8,COLUMN()))),tblResultCalib['#],0))*'kU(E)'!$F12/'kU(E)'!$E12,0)) -> 0.00058522762 | ... P12: =IF($A$12="No",0,IFERROR(INDEX(tblResultCalib[Deriva patrón],MATCH(_xlfn.NUMBERVALUE(INDIRECT(ADDRESS(8,COLUMN()))),tblResultCalib['#],0))*'kU(E)'!$F12/'kU(E)'!$E12,0)) -> 0.00058522762
B13: Caracerisiticas medio isotermo | C13: u(δMiso) | D13: Rectang. | E13: =SQRT(3) -> 1.7320508 | F13: 1 | G13: =IF(G10=0,0,Incert_Pozo*'kU(E)'!$F13/'kU(E)'!$E13) -> 0.011902381 | H13: =IF(H10=0,0,Incert_Pozo*'kU(E)'!$F13/'kU(E)'!$E13) -> 0.011902381 | I13: =IF(I10=0,0,Incert_Pozo*'kU(E)'!$F13/'kU(E)'!$E13) -> 0.011902381 | J13: =IF(J10=0,0,Incert_Pozo*'kU(E)'!$F13/'kU(E)'!$E13) -> 0.011902381 | K13: =IF(K10=0,0,Incert_Pozo*'kU(E)'!$F13/'kU(E)'!$E13) -> 0.011902381 | L13: =IF(L10=0,0,Incert_Pozo*'kU(E)'!$F13/'kU(E)'!$E13) -> 0.011902381 | M13: =IF(M10=0,0,Incert_Pozo*'kU(E)'!$F13/'kU(E)'!$E13) -> 0.011902381 | N13: =IF(N10=0,0,Incert_Pozo*'kU(E)'!$F13/'kU(E)'!$E13) -> 0.011902381 | ... P13: =IF(P10=0,0,Incert_Pozo*'kU(E)'!$F13/'kU(E)'!$E13) -> 0.011902381
B14: Resolución del instrumento | C14: u(δTd) | D14: Rectang. | E14: =2*SQRT(3) -> 3.4641016 | F14: 1 | G14: =IF(G10=0,0,ResolTerm*'kU(E)'!$F14/'kU(E)'!$E14) -> 0.057735027 | H14: =IF(H10=0,0,ResolTerm*'kU(E)'!$F14/'kU(E)'!$E14) -> 0.057735027 | I14: =IF(I10=0,0,ResolTerm*'kU(E)'!$F14/'kU(E)'!$E14) -> 0.057735027 | J14: =IF(J10=0,0,ResolTerm*'kU(E)'!$F14/'kU(E)'!$E14) -> 0.057735027 | K14: =IF(K10=0,0,ResolTerm*'kU(E)'!$F14/'kU(E)'!$E14) -> 0.057735027 | L14: =IF(L10=0,0,ResolTerm*'kU(E)'!$F14/'kU(E)'!$E14) -> 0.057735027 | M14: =IF(M10=0,0,ResolTerm*'kU(E)'!$F14/'kU(E)'!$E14) -> 0.057735027 | N14: =IF(N10=0,0,ResolTerm*'kU(E)'!$F14/'kU(E)'!$E14) -> 0.057735027 | ... P14: =IF(P10=0,0,ResolTerm*'kU(E)'!$F14/'kU(E)'!$E14) -> 0.057735027
B15: Repetibilidad del instrumento | C15: u(Trep) | D15: Rectang. | E15: =SQRT(3) -> 1.7320508 | F15: 1 | G15: =IFERROR(OFFSET(Calibración!$K$15,G$8-1,0)*'kU(E)'!$F15/'kU(E)'!$E15,0) -> 0 | H15: =IFERROR(Calibración!$K16*'kU(E)'!$F15/'kU(E)'!$E15,0) -> 0 | I15: =IFERROR(Calibración!$K17*'kU(E)'!$F15/'kU(E)'!$E15,0) -> 0 | J15: =IFERROR(Calibración!$K18*'kU(E)'!$F15/'kU(E)'!$E15,0) -> 0 | K15: =IFERROR(Calibración!$K19*'kU(E)'!$F15/'kU(E)'!$E15,0) -> 0 | L15: =IFERROR(Calibración!$K20*'kU(E)'!$F15/'kU(E)'!$E15,0) -> 0 | M15: =IFERROR(Calibración!$K21*'kU(E)'!$F15/'kU(E)'!$E15,0) -> 0 | N15: =IFERROR(Calibración!$K22*'kU(E)'!$F15/'kU(E)'!$E15,0) -> 0 | O15: =IFERROR(Calibración!$K23*'kU(E)'!$F15/'kU(E)'!$E15,0) -> 0 | P15: =IFERROR(Calibración!$K24*'kU(E)'!$F15/'kU(E)'!$E15,0) -> 0
B16: Influencia ambiental | C16: u(dPt) | D16: Rectang. | E16: =SQRT(3) -> 1.7320508 | F16: 1 | G16: =IFERROR(IF(G10=0,0,SQRT(IFERROR(POWER(OFFSET(Calibración!$U$15,G$8-1,0)*'kU(E)'!$F16/'kU(E)'!$E16,2),0)+IFERROR(POWER(OFFSET(Calibración!$V$15,G$8-1,0)*'kU(E)'!$F16/'kU(E)'!$E16,2),0))),0) -> 0 | H16: =IFERROR(IF(H10=0,0,SQRT(IFERROR(POWER(OFFSET(Calibración!$U$15,H$8-1,0)*'kU(E)'!$F16/'kU(E)'!$E16,2),0)+IFERROR(POWER(OFFSET(Calibración!$V$15,H$8-1,0)*'kU(E)'!$F16/'kU(E)'!$E16,2),0))),0) -> 0 | I16: =IFERROR(IF(I10=0,0,SQRT(IFERROR(POWER(OFFSET(Calibración!$U$15,I$8-1,0)*'kU(E)'!$F16/'kU(E)'!$E16,2),0)+IFERROR(POWER(OFFSET(Calibración!$V$15,I$8-1,0)*'kU(E)'!$F16/'kU(E)'!$E16,2),0))),0) -> 0 | J16: =IFERROR(IF(J10=0,0,SQRT(IFERROR(POWER(OFFSET(Calibración!$U$15,J$8-1,0)*'kU(E)'!$F16/'kU(E)'!$E16,2),0)+IFERROR(POWER(OFFSET(Calibración!$V$15,J$8-1,0)*'kU(E)'!$F16/'kU(E)'!$E16,2),0))),0) -> 0 | K16: =IFERROR(IF(K10=0,0,SQRT(IFERROR(POWER(OFFSET(Calibración!$U$15,K$8-1,0)*'kU(E)'!$F16/'kU(E)'!$E16,2),0)+IFERROR(POWER(OFFSET(Calibración!$V$15,K$8-1,0)*'kU(E)'!$F16/'kU(E)'!$E16,2),0))),0) -> 0 | L16: =IFERROR(IF(L10=0,0,SQRT(IFERROR(POWER(OFFSET(Calibración!$U$15,L$8-1,0)*'kU(E)'!$F16/'kU(E)'!$E16,2),0)+IFERROR(POWER(OFFSET(Calibración!$V$15,L$8-1,0)*'kU(E)'!$F16/'kU(E)'!$E16,2),0))),0) -> 0 | M16: =IFERROR(IF(M10=0,0,SQRT(IFERROR(POWER(OFFSET(Calibración!$U$15,M$8-1,0)*'kU(E)'!$F16/'kU(E)'!$E16,2),0)+IFERROR(POWER(OFFSET(Calibración!$V$15,M$8-1,0)*'kU(E)'!$F16/'kU(E)'!$E16,2),0))),0) -> 0 | N16: =IFERROR(IF(N10=0,0,SQRT(IFERROR(POWER(OFFSET(Calibración!$U$15,N$8-1,0)*'kU(E)'!$F16/'kU(E)'!$E16,2),0)+IFERROR(POWER(OFFSET(Calibración!$V$15,N$8-1,0)*'kU(E)'!$F16/'kU(E)'!$E16,2),0))),0) -> 0 | ... P16: =IFERROR(IF(P10=0,0,SQRT(IFERROR(POWER(OFFSET(Calibración!$U$15,P$8-1,0)*'kU(E)'!$F16/'kU(E)'!$E16,2),0)+IFERROR(POWER(OFFSET(Calibración!$V$15,P$8-1,0)*'kU(E)'!$F16/'kU(E)'!$E16,2),0))),0) -> 0
B17: Total | C17: Raíz de la | D17: suma cuadr. | E17: =CONCATENATE("Todo en [",unidad,"]") -> Todo en [°C] | G17: =SQRT(SUMSQ(G9:G16)) -> 0.059800527 | H17: =SQRT(SUMSQ(H9:H16)) -> 0.059800527 | I17: =SQRT(SUMSQ(I9:I16)) -> 0.059800527 | J17: =SQRT(SUMSQ(J9:J16)) -> 0.059800527 | K17: =SQRT(SUMSQ(K9:K16)) -> 0.059800527 | L17: =SQRT(SUMSQ(L9:L16)) -> 0.059800527 | M17: =SQRT(SUMSQ(M9:M16)) -> 0.059800527 | N17: =SQRT(SUMSQ(N9:N16)) -> 0.059800527 | ... P17: =SQRT(SUMSQ(P9:P16)) -> 0.059800527
B21: Componentes incertidumbre combinada todos los puntos calibración | G21: =G7 -> 0.0°C | H21: =H7 -> 0.0°C | I21: =I7 -> 0.0°C | J21: =J7 -> 0.0°C | K21: =K7 -> 0.0°C | L21: =L7 -> 0.0°C | M21: =M7 -> 0.0°C | N21: =N7 -> 0.0°C | ... P21: =P7 -> 0.0°C
B22: Fuente de incertidumbre | C22: Símbolo | D22: Distrib. | E22: Divisor | F22: Coef. ci | G22: p1 (%) | H22: p2 (%) | I22: p3 (%) | J22: p4 (%) | K22: p5 (%) | L22: p6 (%) | M22: p7 (%) | N22: p8 (%) | O22: p9 (%) | P22: p10 (%)
B23: Resolución del patrón | C23: u(dPd) | D23: Rectang. | E23: =SQRT(12) -> 3.4641016 | F23: 1 | G23: {=IFERROR(ABS(G9)/SUM(ABS('kU(E)'!$G$9:$G$16)),0)} -> 0.0035492442 | H23: {=IFERROR(ABS(H9)/SUM(ABS('kU(E)'!$H$9:$H$16)),0)} -> 0.0035492442 | I23: {=IFERROR(ABS(I9)/SUM(ABS('kU(E)'!$I$9:$I$16)),0)} -> 0.0035492442 | J23: {=IFERROR(ABS(J9)/SUM(ABS('kU(E)'!$J$9:$J$16)),0)} -> 0.0035492442 | K23: {=IFERROR(ABS(K9)/SUM(ABS('kU(E)'!$K$9:$K$16)),0)} -> 0.0035492442 | L23: {=IFERROR(ABS(L9)/SUM(ABS('kU(E)'!$L$9:$L$16)),0)} -> 0.0035492442 | M23: {=IFERROR(ABS(M9)/SUM(ABS('kU(E)'!$M$9:$M$16)),0)} -> 0.0035492442 | N23: {=IFERROR(ABS(N9)/SUM(ABS('kU(E)'!$N$9:$N$16)),0)} -> 0.0035492442 | O23: {=IFERROR(ABS(O9)/SUM(ABS('kU(E)'!$O$9:$O$16)),0)} -> 0.0035492442 | P23: =IFERROR(ABS(P9)/SUM(ABS('kU(E)'!$B9:$P16)),0) -> 0
B24: Incertidumbre calibración del patron | C24: u(dPref.) | D24: Normal2 | E24: 2 | F24: 1 | G24: {=IFERROR(ABS(G10)/SUM(ABS('kU(E)'!$G$9:$G$16)),0)} -> 0.12294942 | H24: {=IFERROR(ABS(H10)/SUM(ABS('kU(E)'!$H$9:$H$16)),0)} -> 0.12294942 | I24: {=IFERROR(ABS(I10)/SUM(ABS('kU(E)'!$I$9:$I$16)),0)} -> 0.12294942 | J24: {=IFERROR(ABS(J10)/SUM(ABS('kU(E)'!$J$9:$J$16)),0)} -> 0.12294942 | K24: {=IFERROR(ABS(K10)/SUM(ABS('kU(E)'!$K$9:$K$16)),0)} -> 0.12294942 | L24: {=IFERROR(ABS(L10)/SUM(ABS('kU(E)'!$L$9:$L$16)),0)} -> 0.12294942 | M24: {=IFERROR(ABS(M10)/SUM(ABS('kU(E)'!$M$9:$M$16)),0)} -> 0.12294942 | N24: {=IFERROR(ABS(N10)/SUM(ABS('kU(E)'!$N$9:$N$16)),0)} -> 0.12294942 | O24: {=IFERROR(ABS(O10)/SUM(ABS('kU(E)'!$O$9:$O$16)),0)} -> 0.12294942 | P24: =IFERROR(ABS(P10)/SUM(ABS('kU(E)'!$B9:$P16)),0) -> 0
B25: Interpolación corrección del patrón | C25: u(dPint.) | D25: Triangular | E25: =SQRT(6) -> 2.4494897 | F25: 1 | G25: {=IFERROR(ABS(G11)/SUM(ABS('kU(E)'!$G$9:$G$16)),0)} -> 0.010118076 | H25: {=IFERROR(ABS(H11)/SUM(ABS('kU(E)'!$H$9:$H$16)),0)} -> 0.010118076 | I25: {=IFERROR(ABS(I11)/SUM(ABS('kU(E)'!$I$9:$I$16)),0)} -> 0.010118076 | J25: {=IFERROR(ABS(J11)/SUM(ABS('kU(E)'!$J$9:$J$16)),0)} -> 0.010118076 | K25: {=IFERROR(ABS(K11)/SUM(ABS('kU(E)'!$K$9:$K$16)),0)} -> 0.010118076 | L25: {=IFERROR(ABS(L11)/SUM(ABS('kU(E)'!$L$9:$L$16)),0)} -> 0.010118076 | M25: {=IFERROR(ABS(M11)/SUM(ABS('kU(E)'!$M$9:$M$16)),0)} -> 0.010118076 | N25: {=IFERROR(ABS(N11)/SUM(ABS('kU(E)'!$N$9:$N$16)),0)} -> 0.010118076 | O25: {=IFERROR(ABS(O11)/SUM(ABS('kU(E)'!$O$9:$O$16)),0)} -> 0.010118076 | P25: =IFERROR(ABS(P11)/SUM(ABS('kU(E)'!$B9:$P16)),0) -> 0
B26: Deriva patrón | C26: u(dPder.) | D26: Rectang. | E26: =SQRT(3) -> 1.7320508 | F26: 1 | G26: {=IFERROR(ABS(G12)/SUM(ABS('kU(E)'!$G$9:$G$16)),0)} -> 0.0071953399 | H26: {=IFERROR(ABS(H12)/SUM(ABS('kU(E)'!$H$9:$H$16)),0)} -> 0.0071953399 | I26: {=IFERROR(ABS(I12)/SUM(ABS('kU(E)'!$I$9:$I$16)),0)} -> 0.0071953399 | J26: {=IFERROR(ABS(J12)/SUM(ABS('kU(E)'!$J$9:$J$16)),0)} -> 0.0071953399 | K26: {=IFERROR(ABS(K12)/SUM(ABS('kU(E)'!$K$9:$K$16)),0)} -> 0.0071953399 | L26: {=IFERROR(ABS(L12)/SUM(ABS('kU(E)'!$L$9:$L$16)),0)} -> 0.0071953399 | M26: {=IFERROR(ABS(M12)/SUM(ABS('kU(E)'!$M$9:$M$16)),0)} -> 0.0071953399 | N26: {=IFERROR(ABS(N12)/SUM(ABS('kU(E)'!$N$9:$N$16)),0)} -> 0.0071953399 | O26: {=IFERROR(ABS(O12)/SUM(ABS('kU(E)'!$O$9:$O$16)),0)} -> 0.0071953399 | P26: =IFERROR(ABS(P12)/SUM(ABS('kU(E)'!$B9:$P16)),0) -> 0
B27: Caracerisiticas medio isotermo | C27: u(δMiso) | D27: Rectang. | E27: =SQRT(3) -> 1.7320508 | F27: 1 | G27: {=IFERROR(ABS(G13)/SUM(ABS('kU(E)'!$G$9:$G$16)),0)} -> 0.14633909 | H27: {=IFERROR(ABS(H13)/SUM(ABS('kU(E)'!$H$9:$H$16)),0)} -> 0.14633909 | I27: {=IFERROR(ABS(I13)/SUM(ABS('kU(E)'!$I$9:$I$16)),0)} -> 0.14633909 | J27: {=IFERROR(ABS(J13)/SUM(ABS('kU(E)'!$J$9:$J$16)),0)} -> 0.14633909 | K27: {=IFERROR(ABS(K13)/SUM(ABS('kU(E)'!$K$9:$K$16)),0)} -> 0.14633909 | L27: {=IFERROR(ABS(L13)/SUM(ABS('kU(E)'!$L$9:$L$16)),0)} -> 0.14633909 | M27: {=IFERROR(ABS(M13)/SUM(ABS('kU(E)'!$M$9:$M$16)),0)} -> 0.14633909 | N27: {=IFERROR(ABS(N13)/SUM(ABS('kU(E)'!$N$9:$N$16)),0)} -> 0.14633909 | O27: {=IFERROR(ABS(O13)/SUM(ABS('kU(E)'!$O$9:$O$16)),0)} -> 0.14633909 | P27: =IFERROR(ABS(P13)/SUM(ABS('kU(E)'!$B9:$P16)),0) -> 0
B28: Resolución del instrumento | C28: u(δTd) | D28: Rectang. | E28: =2*SQRT(3) -> 3.4641016 | F28: 1 | G28: {=IFERROR(ABS(G14)/SUM(ABS('kU(E)'!$G$9:$G$16)),0)} -> 0.70984883 | H28: {=IFERROR(ABS(H14)/SUM(ABS('kU(E)'!$H$9:$H$16)),0)} -> 0.70984883 | I28: {=IFERROR(ABS(I14)/SUM(ABS('kU(E)'!$I$9:$I$16)),0)} -> 0.70984883 | J28: {=IFERROR(ABS(J14)/SUM(ABS('kU(E)'!$J$9:$J$16)),0)} -> 0.70984883 | K28: {=IFERROR(ABS(K14)/SUM(ABS('kU(E)'!$K$9:$K$16)),0)} -> 0.70984883 | L28: {=IFERROR(ABS(L14)/SUM(ABS('kU(E)'!$L$9:$L$16)),0)} -> 0.70984883 | M28: {=IFERROR(ABS(M14)/SUM(ABS('kU(E)'!$M$9:$M$16)),0)} -> 0.70984883 | N28: {=IFERROR(ABS(N14)/SUM(ABS('kU(E)'!$N$9:$N$16)),0)} -> 0.70984883 | O28: {=IFERROR(ABS(O14)/SUM(ABS('kU(E)'!$O$9:$O$16)),0)} -> 0.70984883 | P28: =IFERROR(ABS(P14)/SUM(ABS('kU(E)'!$B9:$P16)),0) -> 0
B29: Repetibilidad del instrumento | C29: u(Trep) | D29: Rectang. | E29: =SQRT(3) -> 1.7320508 | F29: 1 | G29: {=IFERROR(ABS(G15)/SUM(ABS('kU(E)'!$G$9:$G$16)),0)} -> 0 | H29: {=IFERROR(ABS(H15)/SUM(ABS('kU(E)'!$H$9:$H$16)),0)} -> 0 | I29: {=IFERROR(ABS(I15)/SUM(ABS('kU(E)'!$I$9:$I$16)),0)} -> 0 | J29: {=IFERROR(ABS(J15)/SUM(ABS('kU(E)'!$J$9:$J$16)),0)} -> 0 | K29: {=IFERROR(ABS(K15)/SUM(ABS('kU(E)'!$K$9:$K$16)),0)} -> 0 | L29: {=IFERROR(ABS(L15)/SUM(ABS('kU(E)'!$L$9:$L$16)),0)} -> 0 | M29: {=IFERROR(ABS(M15)/SUM(ABS('kU(E)'!$M$9:$M$16)),0)} -> 0 | N29: {=IFERROR(ABS(N15)/SUM(ABS('kU(E)'!$N$9:$N$16)),0)} -> 0 | O29: {=IFERROR(ABS(O15)/SUM(ABS('kU(E)'!$O$9:$O$16)),0)} -> 0 | P29: =IFERROR(ABS(P15)/SUM(ABS('kU(E)'!$B9:$P16)),0) -> 0
B30: Influencia ambiental | C30: u(dPt) | D30: Rectang. | E30: =SQRT(3) -> 1.7320508 | F30: 1 | G30: {=IFERROR(ABS(G16)/SUM(ABS('kU(E)'!$G$9:$G$16)),0)} -> 0 | H30: {=IFERROR(ABS(H16)/SUM(ABS('kU(E)'!$H$9:$H$16)),0)} -> 0 | I30: {=IFERROR(ABS(I16)/SUM(ABS('kU(E)'!$I$9:$I$16)),0)} -> 0 | J30: {=IFERROR(ABS(J16)/SUM(ABS('kU(E)'!$J$9:$J$16)),0)} -> 0 | K30: {=IFERROR(ABS(K16)/SUM(ABS('kU(E)'!$K$9:$K$16)),0)} -> 0 | L30: {=IFERROR(ABS(L16)/SUM(ABS('kU(E)'!$L$9:$L$16)),0)} -> 0 | M30: {=IFERROR(ABS(M16)/SUM(ABS('kU(E)'!$M$9:$M$16)),0)} -> 0 | N30: {=IFERROR(ABS(N16)/SUM(ABS('kU(E)'!$N$9:$N$16)),0)} -> 0 | O30: {=IFERROR(ABS(O16)/SUM(ABS('kU(E)'!$O$9:$O$16)),0)} -> 0 | P30: =IFERROR(ABS(P16)/SUM(ABS('kU(E)'!$B9:$P16)),0) -> 0
B31: Contribuciones incert. combinada | G31: =SUBTOTAL(109,tblUcomun10[p1 (%)]) -> 1 | H31: =SUBTOTAL(109,tblUcomun10[p2 (%)]) -> 1 | I31: =SUBTOTAL(109,tblUcomun10[p3 (%)]) -> 1 | J31: =SUBTOTAL(109,tblUcomun10[p4 (%)]) -> 1 | K31: =SUBTOTAL(109,tblUcomun10[p5 (%)]) -> 1 | L31: =SUBTOTAL(109,tblUcomun10[p6 (%)]) -> 1 | M31: =SUBTOTAL(109,tblUcomun10[p7 (%)]) -> 1 | N31: =SUBTOTAL(109,tblUcomun10[p8 (%)]) -> 1 | O31: =SUBTOTAL(109,tblUcomun10[p9 (%)]) -> 1 | P31: =SUBTOTAL(109,tblUcomun10[p10 (%)]) -> 0
B35: Cálculo grados efectivos de libertad
B36: Descripción | C36: Variable | E36: Formula | F36: Valor
B37: Cantidad mediciones | C37: n | E37: - | F37: =COUNT(Calibración!D15,Calibración!F15,Calibración!H15) -> 3
B38: Grados libertad | C38: vi | E38: n-1 | F38: =F37-1 -> 2
B39: Incertidumbre estandar | C39: ui(y)=u(δIrep) | E39: s(xi)/Ön | F39: ® | G39: =G15 -> 0 | H39: =H15 -> 0 | I39: =I15 -> 0 | J39: =J15 -> 0 | K39: =K15 -> 0 | L39: =L15 -> 0 | M39: =M15 -> 0 | N39: =N15 -> 0 | ... P39: =P15 -> 0
B40: Incertidumbre combinada punto 1 | C40: uc4(y) | F40: =POWER('kU(E)'!$G$17,4) -> 1.2788513e-05 | G40: u14/vi | H40: u24/vi | I40: u34/vi | J40: u44/vi | K40: u54/vi | L40: u64/vi | M40: u74/vi | N40: u84/vi | O40: u94/vi | P40: u104/vi
B41: Incertidumbre combinada punto 2 | C41: uc4(y) | F41: =POWER('kU(E)'!$H$17,4) -> 1.2788513e-05 | G41: =IFERROR(POWER(G15,4)/$F$38,"") -> 0 | H41: =IFERROR(POWER(H15,4)/$F$38,"") -> 0 | I41: =IFERROR(POWER(I15,4)/$F$38,"") -> 0 | J41: =IFERROR(POWER(J15,4)/$F$38,"") -> 0 | K41: =IFERROR(POWER(K15,4)/$F$38,"") -> 0 | L41: =IFERROR(POWER(L15,4)/$F$38,"") -> 0 | M41: =IFERROR(POWER(M15,4)/$F$38,"") -> 0 | N41: =IFERROR(POWER(N15,4)/$F$38,"") -> 0 | ... P41: =IFERROR(POWER(P15,4)/$F$38,"") -> 0
B42: Incertidumbre combinada punto 3 | C42: uc4(y) | F42: =POWER('kU(E)'!$I$17,4) -> 1.2788513e-05
B43: Incertidumbre combinada punto 4 | C43: uc4(y) | F43: =POWER('kU(E)'!$J$17,4) -> 1.2788513e-05
B44: Incertidumbre combinada punto 5 | C44: uc4(y) | F44: =POWER('kU(E)'!$K$17,4) -> 1.2788513e-05
B45: Incertidumbre combinada punto 6 | C45: uc4(y) | F45: =POWER('kU(E)'!$L$17,4) -> 1.2788513e-05
B46: Incertidumbre combinada punto 7 | C46: uc4(y) | F46: =POWER('kU(E)'!$M$17,4) -> 1.2788513e-05
B47: Incertidumbre combinada punto 8 | C47: uc4(y) | F47: =POWER('kU(E)'!$N$17,4) -> 1.2788513e-05
B48: Incertidumbre combinada punto 9 | C48: uc4(y) | F48: =POWER('kU(E)'!$O$17,4) -> 1.2788513e-05
B49: Incertidumbre combinada punto 10 | C49: uc4(y) | F49: =POWER('kU(E)'!$P$17,4) -> 1.2788513e-05 | G49: k
B50: Grados efectivos de libertad punto 1 | C50: veff | F50: =IFERROR(F40/G41,"") | G50: =IF(F50>20,2,HLOOKUP(F50,$E$64:$Y$65,2)) -> 2
B51: Grados efectivos de libertad punto 2 | C51: veff | F51: =IFERROR(F41/H41,"") | G51: =IF(F51>20,2,HLOOKUP(F51,$E$64:$Y$65,2)) -> 2
B52: Grados efectivos de libertad punto 3 | C52: veff | F52: =IFERROR(F42/I41,"") | G52: =IF(F52>20,2,HLOOKUP(F52,$E$64:$Y$65,2)) -> 2
B53: Grados efectivos de libertad punto 4 | C53: veff | F53: =IFERROR(F43/J41,"") | G53: =IF(F53>20,2,HLOOKUP(F53,$E$64:$Y$65,2)) -> 2
B54: Grados efectivos de libertad punto 5 | C54: veff | F54: =IFERROR(F44/K41,"") | G54: =IF(F54>20,2,HLOOKUP(F54,$E$64:$Y$65,2)) -> 2
B55: Grados efectivos de libertad punto 6 | C55: veff | F55: =IFERROR(F45/L41,"") | G55: =IF(F55>20,2,HLOOKUP(F55,$E$64:$Y$65,2)) -> 2
B56: Grados efectivos de libertad punto 7 | C56: veff | F56: =IFERROR(F46/M41,"") | G56: =IF(F56>20,2,HLOOKUP(F56,$E$64:$Y$65,2)) -> 2
B57: Grados efectivos de libertad punto 8 | C57: veff | F57: =IFERROR(F47/N41,"") | G57: =IF(F57>20,2,HLOOKUP(F57,$E$64:$Y$65,2)) -> 2
B58: Grados efectivos de libertad punto 9 | C58: veff | F58: =IFERROR(F48/O41,"") | G58: =IF(F58>20,2,HLOOKUP(F58,$E$64:$Y$65,2)) -> 2
B59: Grados efectivos de libertad punto 10 | C59: veff | F59: =IFERROR(F49/P41,"") | G59: =IF(F59>20,2,HLOOKUP(F59,$E$64:$Y$65,2)) -> 2
E63: Factor de covertura, k, para diferentes grados efectivos de libertad, neff
E64: neff | F64: 1 | G64: 2 | H64: 3 | I64: 4 | J64: 5 | K64: 6 | L64: 7 | M64: 8 | N64: 9 | O64: 10 | P64: 11 | Q64: 12 | R64: 13 | S64: 14 | T64: 15 | U64: 16 | V64: 17 | W64: 18 | X64: 19 | Y64: 20 | Z64: ¥
E65: k | F65: 13.97 | G65: 4.53 | H65: 3.31 | I65: 2.87 | J65: 2.65 | K65: 2.52 | L65: 2.43 | M65: 2.37 | N65: 2.32 | O65: 2.28 | P65: 2.25 | Q65: 2.23 | R65: 2.21 | S65: 2.2 | T65: 2.18 | U65: 2.17 | V65: 2.16 | W65: 2.15 | X65: 2.14 | Y65: 2.13 | Z65: 2

Sheet Calibración
C1: K = °C + 273,15 | G1: 1K=1oC
C2: K=C= 5(°F + 459,67) /9 = (°F + 459,67) / 1,8 | G2: 1K=5oF/9 | M2: Características medio isotermo (Pozo seco NI-MCPT-37) | S2: Determinación intervalos de medida de certificados
L3: Componente incertidumbre | P3: Especificación fabricante [oC] | Q3: Incertidubre Estandar [oC] | S3: Patrón | U3: tmin [oC] | V3: tmax [oC]
C4: Datos del equipo calibración | H4: Datos del patrón | L4: Histeresis | P4: 0.025 | Q4: =Histeresis/SQRT(3) -> 0.014433757 | S4: NI-MCPT-37 | U4: =IFERROR(VLOOKUP(S4,tblBD_PatronTerm[[Código Patrón]:[max.]],8,FALSE),"") -> -30 | V4: =IFERROR(VLOOKUP(S4,tblBD_PatronTerm[[Código Patrón]:[max.]],9,FALSE),"") -> 155
C5: Division de escala | F5: 0.2 | H5: Patrón utilizado | J5: NI-MCPT-05 | L5: Uniformidad axial | P5: 0.02 | Q5: =P5/SQRT(3) -> 0.011547005 | S5: =J5 -> NI-MCPT-05 | U5: =IFERROR(VLOOKUP(S5,tblBD_PatronTerm[[Código Patrón]:[max.]],8,FALSE),"") -> -30 | V5: =IFERROR(VLOOKUP(S5,tblBD_PatronTerm[[Código Patrón]:[max.]],9,FALSE),"") -> 250
C6: Rango de medida (min.|max.) | F6: =RangoMedida -> 0 | H6: Resolución patrón | J6: =IFERROR(VLOOKUP(J5,tblBD_PatronTerm[[Código Patrón]:[Fecha calib.]],12,FALSE),"") -> 0.001 | L6: Uniformidad radial | P6: 0.01 | Q6: =P6/SQRT(3) -> 0.0057735027
C7: Unidad de medida | E7: =IF(unidad="°C",0,IF(unidad="°F",32,273.15)) -> 0 | F7: °C | L7: Estabilidad | P7: 0.005 | Q7: =P7/SQRT(3) -> 0.0028867513 | S7: Coeficiente de temperatura kt%[%]/100*Medición[oC]+ktºC[oC]
C8: Tipo de sonda | F8: RTD | L8: Efecto de carga | P8: 0.005 | Q8: =P8/SQRT(3) -> 0.0028867513 | S8: Patrón | U8: tmin [oC] | V8: tmax [oC] | W8: kt% [%] | X8: ktºC [oC]
E9: Decim.: | F9: =LEN(MOD(ABS(ResolTerm),1))-1-(MOD(ResolTerm,1)>0) -> 1 | L9: Gradiente | P9: 0.01 | Q9: =P9/SQRT(3) -> 0.0057735027 | S9: =S4 -> NI-MCPT-37 | U9: =IFERROR(LOOKUP(S9,tblBD_PatronTerm[Código Patrón],tblBD_PatronTerm[t min]),"") -> -40 | V9: =IFERROR(LOOKUP(S9,tblBD_PatronTerm[Código Patrón],tblBD_PatronTerm[t max]),"") -> 140 | W9: =IFERROR(VLOOKUP(S9,tblBD_PatronTerm[[Código Patrón]:[Certificado]],13,FALSE),"") -> 0 | X9: =IFERROR(VLOOKUP(S9,tblBD_PatronTerm[[Código Patrón]:[Certificado]],14,FALSE),"") -> 0
L10: Incertidumbre combinada med. Isotermo | Q10: =IFERROR(SQRT(SUMSQ(Q4:Q9)),"") -> 0.020615528 | S10: =IF(S4=S5,"",J5) -> NI-MCPT-05 | U10: =IFERROR(LOOKUP(S10,tblBD_PatronTerm[Código Patrón],tblBD_PatronTerm[t min]),"") -> 16 | V10: =IFERROR(LOOKUP(S10,tblBD_PatronTerm[Código Patrón],tblBD_PatronTerm[t max]),"") -> 30 | W10: =IFERROR(VLOOKUP(S10,tblBD_PatronTerm[[Código Patrón]:[Certificado]],13,FALSE),"") -> 0.00385 | X10: =IFERROR(VLOOKUP(S10,tblBD_PatronTerm[[Código Patrón]:[Certificado]],14,FALSE),"") -> 0
B13: Linealidad | F13: =CONCATENATE("Todo en [",unidad,"]") -> Todo en [°C] | I13: Repetibilidad | N13: =CONCATENATE("Todo en [",unidad,"]") -> Todo en [°C] | O13: Interpolación | S13: Interpolación | T13: Interpolación
B14: # | C14: Patrón | D14: Equipo | E14: Patrón | F14: Equipo | G14: Patrón | H14: Equipo | I14: Patrón | J14: Equipo | K14: Desviación estándar | M14: # | N14: Promedio Patrón | O14: Corrección patrón | P14: Patrón corregido | Q14: Promedio equipo | R14: Corrección de medición | S14: Incertid. patrón | T14: Deriva patrón | U14: Exactitud cond.termicas 1er. Patron | V14: Exactitud cond.termicas 2do. Patron
B15: 1 | C15: ='NI-R01-MCIT-T-01'!B24 -> 0 | D15: ='NI-R01-MCIT-T-01'!C24 -> 0 | E15: ='NI-R01-MCIT-T-01'!D24 -> 0 | F15: ='NI-R01-MCIT-T-01'!E24 -> 0 | G15: ='NI-R01-MCIT-T-01'!F24 -> 0 | H15: ='NI-R01-MCIT-T-01'!G24 -> 0 | I15: =IFERROR(AVERAGE(C15,E15,G15),"") -> 0 | J15: =IFERROR(AVERAGE(D15,F15,H15),"") -> 0 | K15: =IFERROR(IF(C15="","",_xlfn.STDEV.S(D15,F15,H15)),"") -> 0 | M15: 1 | N15: =IFERROR(AVERAGE(C15,E15,G15),"") -> 0 | O15: =IF(tblResultCalib[[#This Row],[Promedio Patrón]]="","",IFERROR(IF(coef_unidad=32,(OFFSET($V$36,0,tblResultCalib[[#This Row],['#]]-1)),OFFSET($V$36,0,tblResultCalib[[#This Row],['#]]-1)+coef_unidad),TREND($O$31:OFFSET($O$31,NumPuntosCalib-1,0),$N$31:OFFSET($N$31,NumPuntosCalib-1,0),tblResultCalib[[#This Row],[Promedio Patrón]]))) -> -0.0020157983 | P15: =IFERROR(tblResultCalib[[#This Row],[Promedio Patrón]]+tblResultCalib[[#This Row],[Corrección patrón]],"") -> -0.0020157983 | Q15: =IFERROR(J15,"") -> 0 | R15: =IFERROR(tblResultCalib[[#This Row],[Patrón corregido]]-tblResultCalib[[#This Row],[Promedio equipo]],"") -> -0.0020157983 | S15: =IF(tblResultCalib[[#This Row],[Promedio Patrón]]="","",IFERROR(IF(coef_unidad=32,(OFFSET($V$47,0,tblResultCalib[[#This Row],['#]]-1)),OFFSET($V$47,0,tblResultCalib[[#This Row],['#]]-1)+coef_unidad),TREND($P$31:OFFSET($P$31,NumPuntosCalib-1,0),$N$31:OFFSET($N$31,NumPuntosCalib-1,0),tblResultCalib[[#This Row],[Promedio Patrón]]))) -> 0.02 | T15: =IF(tblResultCalib[[#This Row],[Promedio Patrón]]="","",IFERROR(IF(coef_unidad=32,(OFFSET($V$58,0,tblResultCalib[[#This Row],['#]]-1)),OFFSET($V$58,0,tblResultCalib[[#This Row],['#]]-1)+coef_unidad),TREND($Q$31:OFFSET($Q$31,NumPuntosCalib-1,0),$N$31:OFFSET($N$31,NumPuntosCalib-1,0),tblResultCalib[[#This Row],[Promedio Patrón]]))) -> 0.001013644 | U15: =IFERROR(ABS(IF(OR(CertTempC<Calibración!$U$9,CertTempC>Calibración!$V$9),tblResultCalib[[#This Row],[Promedio Patrón]]*Calibración!$W$9/100+Calibración!$X$9,0)),"") -> 0 | V15: =IFERROR(ABS(IF(OR(CertTempC<Calibración!$U$10,CertTempC>Calibración!$V$10),tblResultCalib[[#This Row],[Promedio Patrón]]*Calibración!$W$10/100+Calibración!$X$10,0)),"") -> 0
B16: 2 | C16: ='NI-R01-MCIT-T-01'!B25 -> 0 | D16: ='NI-R01-MCIT-T-01'!C25 -> 0 | E16: ='NI-R01-MCIT-T-01'!D25 -> 0 | F16: ='NI-R01-MCIT-T-01'!E25 -> 0 | G16: ='NI-R01-MCIT-T-01'!F25 -> 0 | H16: ='NI-R01-MCIT-T-01'!G25 -> 0 | I16: =IFERROR(AVERAGE(C16,E16,G16),"") -> 0 | J16: =IFERROR(AVERAGE(D16,F16,H16),"") -> 0 | K16: =IFERROR(IF(C16="","",_xlfn.STDEV.S(D16,F16,H16)),"") -> 0 | M16: 2 | N16: =IFERROR(AVERAGE(C16,E16,G16),"") -> 0 | O16: =IF(tblResultCalib[[#This Row],[Promedio Patrón]]="","",IFERROR(IF(coef_unidad=32,(OFFSET($V$36,0,tblResultCalib[[#This Row],['#]]-1)),OFFSET($V$36,0,tblResultCalib[[#This Row],['#]]-1)+coef_unidad),TREND($O$31:OFFSET($O$31,NumPuntosCalib-1,0),$N$31:OFFSET($N$31,NumPuntosCalib-1,0),tblResultCalib[[#This Row],[Promedio Patrón]]))) -> -0.0020157983 | P16: =IFERROR(tblResultCalib[[#This Row],[Promedio Patrón]]+tblResultCalib[[#This Row],[Corrección patrón]],"") -> -0.0020157983 | Q16: =IFERROR(J16,"") -> 0 | R16: =IFERROR(tblResultCalib[[#This Row],[Patrón corregido]]-tblResultCalib[[#This Row],[Promedio equipo]],"") -> -0.0020157983 | S16: =IF(tblResultCalib[[#This Row],[Promedio Patrón]]="","",IFERROR(IF(coef_unidad=32,(OFFSET($V$47,0,tblResultCalib[[#This Row],['#]]-1)),OFFSET($V$47,0,tblResultCalib[[#This Row],['#]]-1)+coef_unidad),TREND($P$31:OFFSET($P$31,NumPuntosCalib-1,0),$N$31:OFFSET($N$31,NumPuntosCalib-1,0),tblResultCalib[[#This Row],[Promedio Patrón]]))) -> 0.02 | T16: =IF(tblResultCalib[[#This Row],[Promedio Patrón]]="","",IFERROR(IF(coef_unidad=32,(OFFSET($V$58,0,tblResultCalib[[#This Row],['#]]-1)),OFFSET($V$58,0,tblResultCalib[[#This Row],['#]]-1)+coef_unidad),TREND($Q$31:OFFSET($Q$31,NumPuntosCalib-1,0),$N$31:OFFSET($N$31,NumPuntosCalib-1,0),tblResultCalib[[#This Row],[Promedio Patrón]]))) -> 0.001013644 | U16: =IFERROR(ABS(IF(OR(CertTempC<Calibración!$U$9,CertTempC>Calibración!$V$9),tblResultCalib[[#This Row],[Promedio Patrón]]*Calibración!$W$9/100+Calibración!$X$9,0)),"") -> 0 | V16: =IFERROR(ABS(IF(OR(CertTempC<Calibración!$U$10,CertTempC>Calibración!$V$10),tblResultCalib[[#This Row],[Promedio Patrón]]*Calibración!$W$10/100+Calibración!$X$10,0)),"") -> 0
B17: 3 | C17: ='NI-R01-MCIT-T-01'!B26 -> 0 | D17: ='NI-R01-MCIT-T-01'!C26 -> 0 | E17: ='NI-R01-MCIT-T-01'!D26 -> 0 | F17: ='NI-R01-MCIT-T-01'!E26 -> 0 | G17: ='NI-R01-MCIT-T-01'!F26 -> 0 | H17: ='NI-R01-MCIT-T-01'!G26 -> 0 | I17: =IFERROR(AVERAGE(C17,E17,G17),"") -> 0 | J17: =IFERROR(AVERAGE(D17,F17,H17),"") -> 0 | K17: =IFERROR(IF(C17="","",_xlfn.STDEV.S(D17,F17,H17)),"") -> 0 | M17: 3 | N17: =IFERROR(AVERAGE(C17,E17,G17),"") -> 0 | O17: =IF(tblResultCalib[[#This Row],[Promedio Patrón]]="","",IFERROR(IF(coef_unidad=32,(OFFSET($V$36,0,tblResultCalib[[#This Row],['#]]-1)),OFFSET($V$36,0,tblResultCalib[[#This Row],['#]]-1)+coef_unidad),TREND($O$31:OFFSET($O$31,NumPuntosCalib-1,0),$N$31:OFFSET($N$31,NumPuntosCalib-1,0),tblResultCalib[[#This Row],[Promedio Patrón]]))) -> -0.0020157983 | P17: =IFERROR(tblResultCalib[[#This Row],[Promedio Patrón]]+tblResultCalib[[#This Row],[Corrección patrón]],"") -> -0.0020157983 | Q17: =IFERROR(J17,"") -> 0 | R17: =IFERROR(tblResultCalib[[#This Row],[Patrón corregido]]-tblResultCalib[[#This Row],[Promedio equipo]],"") -> -0.0020157983 | S17: =IF(tblResultCalib[[#This Row],[Promedio Patrón]]="","",IFERROR(IF(coef_unidad=32,(OFFSET($V$47,0,tblResultCalib[[#This Row],['#]]-1)),OFFSET($V$47,0,tblResultCalib[[#This Row],['#]]-1)+coef_unidad),TREND($P$31:OFFSET($P$31,NumPuntosCalib-1,0),$N$31:OFFSET($N$31,NumPuntosCalib-1,0),tblResultCalib[[#This Row],[Promedio Patrón]]))) -> 0.02 | T17: =IF(tblResultCalib[[#This Row],[Promedio Patrón]]="","",IFERROR(IF(coef_unidad=32,(OFFSET($V$58,0,tblResultCalib[[#This Row],['#]]-1)),OFFSET($V$58,0,tblResultCalib[[#This Row],['#]]-1)+coef_unidad),TREND($Q$31:OFFSET($Q$31,NumPuntosCalib-1,0),$N$31:OFFSET($N$31,NumPuntosCalib-1,0),tblResultCalib[[#This Row],[Promedio Patrón]]))) -> 0.001013644 | U17: =IFERROR(ABS(IF(OR(CertTempC<Calibración!$U$9,CertTempC>Calibración!$V$9),tblResultCalib[[#This Row],[Promedio Patrón]]*Calibración!$W$9/100+Calibración!$X$9,0)),"") -> 0 | V17: =IFERROR(ABS(IF(OR(CertTempC<Calibración!$U$10,CertTempC>Calibración!$V$10),tblResultCalib[[#This Row],[Promedio Patrón]]*Calibración!$W$10/100+Calibración!$X$10,0)),"") -> 0
B18: 4 | C18: ='NI-R01-MCIT-T-01'!B27 -> 0 | D18: ='NI-R01-MCIT-T-01'!C27 -> 0 | E18: ='NI-R01-MCIT-T-01'!D27 -> 0 | F18: ='NI-R01-MCIT-T-01'!E27 -> 0 | G18: ='NI-R01-MCIT-T-01'!F27 -> 0 | H18: ='NI-R01-MCIT-T-01'!G27 -> 0 | I18: =IFERROR(AVERAGE(C18,E18,G18),"") -> 0 | J18: =IFERROR(AVERAGE(D18,F18,H18),"") -> 0 | K18: =IFERROR(IF(C18="","",_xlfn.STDEV.S(D18,F18,H18)),"") -> 0 | M18: 4 | N18: =IFERROR(AVERAGE(C18,E18,G18),"") -> 0 | O18: =IF(tblResultCalib[[#This Row],[Promedio Patrón]]="","",IFERROR(IF(coef_unidad=32,(OFFSET($V$36,0,tblResultCalib[[#This Row],['#]]-1)),OFFSET($V$36,0,tblResultCalib[[#This Row],['#]]-1)+coef_unidad),TREND($O$31:OFFSET($O$31,NumPuntosCalib-1,0),$N$31:OFFSET($N$31,NumPuntosCalib-1,0),tblResultCalib[[#This Row],[Promedio Patrón]]))) -> -0.0020157983 | P18: =IFERROR(tblResultCalib[[#This Row],[Promedio Patrón]]+tblResultCalib[[#This Row],[Corrección patrón]],"") -> -0.0020157983 | Q18: =IFERROR(J18,"") -> 0 | R18: =IFERROR(tblResultCalib[[#This Row],[Patrón corregido]]-tblResultCalib[[#This Row],[Promedio equipo]],"") -> -0.0020157983 | S18: =IF(tblResultCalib[[#This Row],[Promedio Patrón]]="","",IFERROR(IF(coef_unidad=32,(OFFSET($V$47,0,tblResultCalib[[#This Row],['#]]-1)),OFFSET($V$47,0,tblResultCalib[[#This Row],['#]]-1)+coef_unidad),TREND($P$31:OFFSET($P$31,NumPuntosCalib-1,0),$N$31:OFFSET($N$31,NumPuntosCalib-1,0),tblResultCalib[[#This Row],[Promedio Patrón]]))) -> 0.02 | T18: =IF(tblResultCalib[[#This Row],[Promedio Patrón]]="","",IFERROR(IF(coef_unidad=32,(OFFSET($V$58,0,tblResultCalib[[#This Row],['#]]-1)),OFFSET($V$58,0,tblResultCalib[[#This Row],['#]]-1)+coef_unidad),TREND($Q$31:OFFSET($Q$31,NumPuntosCalib-1,0),$N$31:OFFSET($N$31,NumPuntosCalib-1,0),tblResultCalib[[#This Row],[Promedio Patrón]]))) -> 0.001013644 | U18: =IFERROR(ABS(IF(OR(CertTempC<Calibración!$U$9,CertTempC>Calibración!$V$9),tblResultCalib[[#This Row],[Promedio Patrón]]*Calibración!$W$9/100+Calibración!$X$9,0)),"") -> 0 | V18: =IFERROR(ABS(IF(OR(CertTempC<Calibración!$U$10,CertTempC>Calibración!$V$10),tblResultCalib[[#This Row],[Promedio Patrón]]*Calibración!$W$10/100+Calibración!$X$10,0)),"") -> 0
B19: 5 | C19: ='NI-R01-MCIT-T-01'!B28 -> 0 | D19: ='NI-R01-MCIT-T-01'!C28 -> 0 | E19: ='NI-R01-MCIT-T-01'!D28 -> 0 | F19: ='NI-R01-MCIT-T-01'!E28 -> 0 | G19: ='NI-R01-MCIT-T-01'!F28 -> 0 | H19: ='NI-R01-MCIT-T-01'!G28 -> 0 | I19: =IFERROR(AVERAGE(C19,E19,G19),"") -> 0 | J19: =IFERROR(AVERAGE(D19,F19,H19),"") -> 0 | K19: =IFERROR(IF(C19="","",_xlfn.STDEV.S(D19,F19,H19)),"") -> 0 | M19: 5 | N19: =IFERROR(AVERAGE(C19,E19,G19),"") -> 0 | O19: =IF(tblResultCalib[[#This Row],[Promedio Patrón]]="","",IFERROR(IF(coef_unidad=32,(OFFSET($V$36,0,tblResultCalib[[#This Row],['#]]-1)),OFFSET($V$36,0,tblResultCalib[[#This Row],['#]]-1)+coef_unidad),TREND($O$31:OFFSET($O$31,NumPuntosCalib-1,0),$N$31:OFFSET($N$31,NumPuntosCalib-1,0),tblResultCalib[[#This Row],[Promedio Patrón]]))) -> -0.0020157983 | P19: =IFERROR(tblResultCalib[[#This Row],[Promedio Patrón]]+tblResultCalib[[#This Row],[Corrección patrón]],"") -> -0.0020157983 | Q19: =IFERROR(J19,"") -> 0 | R19: =IFERROR(tblResultCalib[[#This Row],[Patrón corregido]]-tblResultCalib[[#This Row],[Promedio equipo]],"") -> -0.0020157983 | S19: =IF(tblResultCalib[[#This Row],[Promedio Patrón]]="","",IFERROR(IF(coef_unidad=32,(OFFSET($V$47,0,tblResultCalib[[#This Row],['#]]-1)),OFFSET($V$47,0,tblResultCalib[[#This Row],['#]]-1)+coef_unidad),TREND($P$31:OFFSET($P$31,NumPuntosCalib-1,0),$N$31:OFFSET($N$31,NumPuntosCalib-1,0),tblResultCalib[[#This Row],[Promedio Patrón]]))) -> 0.02 | T19: =IF(tblResultCalib[[#This Row],[Promedio Patrón]]="","",IFERROR(IF(coef_unidad=32,(OFFSET($V$58,0,tblResultCalib[[#This Row],['#]]-1)),OFFSET($V$58,0,tblResultCalib[[#This Row],['#]]-1)+coef_unidad),TREND($Q$31:OFFSET($Q$31,NumPuntosCalib-1,0),$N$31:OFFSET($N$31,NumPuntosCalib-1,0),tblResultCalib[[#This Row],[Promedio Patrón]]))) -> 0.001013644 | U19: =IFERROR(ABS(IF(OR(CertTempC<Calibración!$U$9,CertTempC>Calibración!$V$9),tblResultCalib[[#This Row],[Promedio Patrón]]*Calibración!$W$9/100+Calibración!$X$9,0)),"") -> 0 | V19: =IFERROR(ABS(IF(OR(CertTempC<Calibración!$U$10,CertTempC>Calibración!$V$10),tblResultCalib[[#This Row],[Promedio Patrón]]*Calibración!$W$10/100+Calibración!$X$10,0)),"") -> 0
B20: 6 | C20: ='NI-R01-MCIT-T-01'!B29 -> 0 | D20: ='NI-R01-MCIT-T-01'!C29 -> 0 | E20: ='NI-R01-MCIT-T-01'!D29 -> 0 | F20: ='NI-R01-MCIT-T-01'!E29 -> 0 | G20: ='NI-R01-MCIT-T-01'!F29 -> 0 | H20: ='NI-R01-MCIT-T-01'!G29 -> 0 | I20: =IFERROR(AVERAGE(C20,E20,G20),"") -> 0 | J20: =IFERROR(AVERAGE(D20,F20,H20),"") -> 0 | K20: =IFERROR(IF(C20="","",_xlfn.STDEV.S(D20,F20,H20)),"") -> 0 | M20: 6 | N20: =IFERROR(AVERAGE(C20,E20,G20),"") -> 0 | O20: =IF(tblResultCalib[[#This Row],[Promedio Patrón]]="","",IFERROR(IF(coef_unidad=32,(OFFSET($V$36,0,tblResultCalib[[#This Row],['#]]-1)),OFFSET($V$36,0,tblResultCalib[[#This Row],['#]]-1)+coef_unidad),TREND($O$31:OFFSET($O$31,NumPuntosCalib-1,0),$N$31:OFFSET($N$31,NumPuntosCalib-1,0),tblResultCalib[[#This Row],[Promedio Patrón]]))) -> -0.0020157983 | P20: =IFERROR(tblResultCalib[[#This Row],[Promedio Patrón]]+tblResultCalib[[#This Row],[Corrección patrón]],"") -> -0.0020157983 | Q20: =IFERROR(J20,"") -> 0 | R20: =IFERROR(tblResultCalib[[#This Row],[Patrón corregido]]-tblResultCalib[[#This Row],[Promedio equipo]],"") -> -0.0020157983 | S20: =IF(tblResultCalib[[#This Row],[Promedio Patrón]]="","",IFERROR(IF(coef_unidad=32,(OFFSET($V$47,0,tblResultCalib[[#This Row],['#]]-1)),OFFSET($V$47,0,tblResultCalib[[#This Row],['#]]-1)+coef_unidad),TREND($P$31:OFFSET($P$31,NumPuntosCalib-1,0),$N$31:OFFSET($N$31,NumPuntosCalib-1,0),tblResultCalib[[#This Row],[Promedio Patrón]]))) -> 0.02 | T20: =IF(tblResultCalib[[#This Row],[Promedio Patrón]]="","",IFERROR(IF(coef_unidad=32,(OFFSET($V$58,0,tblResultCalib[[#This Row],['#]]-1)),OFFSET($V$58,0,tblResultCalib[[#This Row],['#]]-1)+coef_unidad),TREND($Q$31:OFFSET($Q$31,NumPuntosCalib-1,0),$N$31:OFFSET($N$31,NumPuntosCalib-1,0),tblResultCalib[[#This Row],[Promedio Patrón]]))) -> 0.001013644 | U20: =IFERROR(ABS(IF(OR(CertTempC<Calibración!$U$9,CertTempC>Calibración!$V$9),tblResultCalib[[#This Row],[Promedio Patrón]]*Calibración!$W$9/100+Calibración!$X$9,0)),"") -> 0 | V20: =IFERROR(ABS(IF(OR(CertTempC<Calibración!$U$10,CertTempC>Calibración!$V$10),tblResultCalib[[#This Row],[Promedio Patrón]]*Calibración!$W$10/100+Calibración!$X$10,0)),"") -> 0
B21: 7 | C21: ='NI-R01-MCIT-T-01'!B30 -> 0 | D21: ='NI-R01-MCIT-T-01'!C30 -> 0 | E21: ='NI-R01-MCIT-T-01'!D30 -> 0 | F21: ='NI-R01-MCIT-T-01'!E30 -> 0 | G21: ='NI-R01-MCIT-T-01'!F30 -> 0 | H21: ='NI-R01-MCIT-T-01'!G30 -> 0 | I21: =IFERROR(AVERAGE(C21,E21,G21),"") -> 0 | J21: =IFERROR(AVERAGE(D21,F21,H21),"") -> 0 | K21: =IFERROR(IF(C21="","",_xlfn.STDEV.S(D21,F21,H21)),"") -> 0 | M21: 7 | N21: =IFERROR(AVERAGE(C21,E21,G21),"") -> 0 | O21: =IF(tblResultCalib[[#This Row],[Promedio Patrón]]="","",IFERROR(IF(coef_unidad=32,(OFFSET($V$36,0,tblResultCalib[[#This Row],['#]]-1)),OFFSET($V$36,0,tblResultCalib[[#This Row],['#]]-1)+coef_unidad),TREND($O$31:OFFSET($O$31,NumPuntosCalib-1,0),$N$31:OFFSET($N$31,NumPuntosCalib-1,0),tblResultCalib[[#This Row],[Promedio Patrón]]))) -> -0.0020157983 | P21: =IFERROR(tblResultCalib[[#This Row],[Promedio Patrón]]+tblResultCalib[[#This Row],[Corrección patrón]],"") -> -0.0020157983 | Q21: =IFERROR(J21,"") -> 0 | R21: =IFERROR(tblResultCalib[[#This Row],[Patrón corregido]]-tblResultCalib[[#This Row],[Promedio equipo]],"") -> -0.0020157983 | S21: =IF(tblResultCalib[[#This Row],[Promedio Patrón]]="","",IFERROR(IF(coef_unidad=32,(OFFSET($V$47,0,tblResultCalib[[#This Row],['#]]-1)),OFFSET($V$47,0,tblResultCalib[[#This Row],['#]]-1)+coef_unidad),TREND($P$31:OFFSET($P$31,NumPuntosCalib-1,0),$N$31:OFFSET($N$31,NumPuntosCalib-1,0),tblResultCalib[[#This Row],[Promedio Patrón]]))) -> 0.02 | T21: =IF(tblResultCalib[[#This Row],[Promedio Patrón]]="","",IFERROR(IF(coef_unidad=32,(OFFSET($V$58,0,tblResultCalib[[#This Row],['#]]-1)),OFFSET($V$58,0,tblResultCalib[[#This Row],['#]]-1)+coef_unidad),TREND($Q$31:OFFSET($Q$31,NumPuntosCalib-1,0),$N$31:OFFSET($N$31,NumPuntosCalib-1,0),tblResultCalib[[#This Row],[Promedio Patrón]]))) -> 0.001013644 | U21: =IFERROR(ABS(IF(OR(CertTempC<Calibración!$U$9,CertTempC>Calibración!$V$9),tblResultCalib[[#This Row],[Promedio Patrón]]*Calibración!$W$9/100+Calibración!$X$9,0)),"") -> 0 | V21: =IFERROR(ABS(IF(OR(CertTempC<Calibración!$U$10,CertTempC>Calibración!$V$10),tblResultCalib[[#This Row],[Promedio Patrón]]*Calibración!$W$10/100+Calibración!$X$10,0)),"") -> 0
B22: 8 | C22: ='NI-R01-MCIT-T-01'!B31 -> 0 | D22: ='NI-R01-MCIT-T-01'!C31 -> 0 | E22: ='NI-R01-MCIT-T-01'!D31 -> 0 | F22: ='NI-R01-MCIT-T-01'!E31 -> 0 | G22: ='NI-R01-MCIT-T-01'!F31 -> 0 | H22: ='NI-R01-MCIT-T-01'!G31 -> 0 | I22: =IFERROR(AVERAGE(C22,E22,G22),"") -> 0 | J22: =IFERROR(AVERAGE(D22,F22,H22),"") -> 0 | K22: =IFERROR(IF(C22="","",_xlfn.STDEV.S(D22,F22,H22)),"") -> 0 | M22: 8 | N22: =IFERROR(AVERAGE(C22,E22,G22),"") -> 0 | O22: =IF(tblResultCalib[[#This Row],[Promedio Patrón]]="","",IFERROR(IF(coef_unidad=32,(OFFSET($V$36,0,tblResultCalib[[#This Row],['#]]-1)),OFFSET($V$36,0,tblResultCalib[[#This Row],['#]]-1)+coef_unidad),TREND($O$31:OFFSET($O$31,NumPuntosCalib-1,0),$N$31:OFFSET($N$31,NumPuntosCalib-1,0),tblResultCalib[[#This Row],[Promedio Patrón]]))) -> -0.0020157983 | P22: =IFERROR(tblResultCalib[[#This Row],[Promedio Patrón]]+tblResultCalib[[#This Row],[Corrección patrón]],"") -> -0.0020157983 | Q22: =IFERROR(J22,"") -> 0 | R22: =IFERROR(tblResultCalib[[#This Row],[Patrón corregido]]-tblResultCalib[[#This Row],[Promedio equipo]],"") -> -0.0020157983 | S22: =IF(tblResultCalib[[#This Row],[Promedio Patrón]]="","",IFERROR(IF(coef_unidad=32,(OFFSET($V$47,0,tblResultCalib[[#This Row],['#]]-1)),OFFSET($V$47,0,tblResultCalib[[#This Row],['#]]-1)+coef_unidad),TREND($P$31:OFFSET($P$31,NumPuntosCalib-1,0),$N$31:OFFSET($N$31,NumPuntosCalib-1,0),tblResultCalib[[#This Row],[Promedio Patrón]]))) -> 0.02 | T22: =IF(tblResultCalib[[#This Row],[Promedio Patrón]]="","",IFERROR(IF(coef_unidad=32,(OFFSET($V$58,0,tblResultCalib[[#This Row],['#]]-1)),OFFSET($V$58,0,tblResultCalib[[#This Row],['#]]-1)+coef_unidad),TREND($Q$31:OFFSET($Q$31,NumPuntosCalib-1,0),$N$31:OFFSET($N$31,NumPuntosCalib-1,0),tblResultCalib[[#This Row],[Promedio Patrón]]))) -> 0.001013644 | U22: =IFERROR(ABS(IF(OR(CertTempC<Calibración!$U$9,CertTempC>Calibración!$V$9),tblResultCalib[[#This Row],[Promedio Patrón]]*Calibración!$W$9/100+Calibración!$X$9,0)),"") -> 0 | V22: =IFERROR(ABS(IF(OR(CertTempC<Calibración!$U$10,CertTempC>Calibración!$V$10),tblResultCalib[[#This Row],[Promedio Patrón]]*Calibración!$W$10/100+Calibración!$X$10,0)),"") -> 0
B23: 9 | C23: ='NI-R01-MCIT-T-01'!B32 -> 0 | D23: ='NI-R01-MCIT-T-01'!C32 -> 0 | E23: ='NI-R01-MCIT-T-01'!D32 -> 0 | F23: ='NI-R01-MCIT-T-01'!E32 -> 0 | G23: ='NI-R01-MCIT-T-01'!F32 -> 0 | H23: ='NI-R01-MCIT-T-01'!G32 -> 0 | I23: =IFERROR(AVERAGE(C23,E23,G23),"") -> 0 | J23: =IFERROR(AVERAGE(D23,F23,H23),"") -> 0 | K23: =IFERROR(IF(C23="","",_xlfn.STDEV.S(D23,F23,H23)),"") -> 0 | M23: 9 | N23: =IFERROR(AVERAGE(C23,E23,G23),"") -> 0 | O23: =IF(tblResultCalib[[#This Row],[Promedio Patrón]]="","",IFERROR(IF(coef_unidad=32,(OFFSET($V$36,0,tblResultCalib[[#This Row],['#]]-1)),OFFSET($V$36,0,tblResultCalib[[#This Row],['#]]-1)+coef_unidad),TREND($O$31:OFFSET($O$31,NumPuntosCalib-1,0),$N$31:OFFSET($N$31,NumPuntosCalib-1,0),tblResultCalib[[#This Row],[Promedio Patrón]]))) -> -0.0020157983 | P23: =IFERROR(tblResultCalib[[#This Row],[Promedio Patrón]]+tblResultCalib[[#This Row],[Corrección patrón]],"") -> -0.0020157983 | Q23: =IFERROR(J23,"") -> 0 | R23: =IFERROR(tblResultCalib[[#This Row],[Patrón corregido]]-tblResultCalib[[#This Row],[Promedio equipo]],"") -> -0.0020157983 | S23: =IF(tblResultCalib[[#This Row],[Promedio Patrón]]="","",IFERROR(IF(coef_unidad=32,(OFFSET($V$47,0,tblResultCalib[[#This Row],['#]]-1)),OFFSET($V$47,0,tblResultCalib[[#This Row],['#]]-1)+coef_unidad),TREND($P$31:OFFSET($P$31,NumPuntosCalib-1,0),$N$31:OFFSET($N$31,NumPuntosCalib-1,0),tblResultCalib[[#This Row],[Promedio Patrón]]))) -> 0.02 | T23: =IF(tblResultCalib[[#This Row],[Promedio Patrón]]="","",IFERROR(IF(coef_unidad=32,(OFFSET($V$58,0,tblResultCalib[[#This Row],['#]]-1)),OFFSET($V$58,0,tblResultCalib[[#This Row],['#]]-1)+coef_unidad),TREND($Q$31:OFFSET($Q$31,NumPuntosCalib-1,0),$N$31:OFFSET($N$31,NumPuntosCalib-1,0),tblResultCalib[[#This Row],[Promedio Patrón]]))) -> 0.001013644 | U23: =IFERROR(ABS(IF(OR(CertTempC<Calibración!$U$9,CertTempC>Calibración!$V$9),tblResultCalib[[#This Row],[Promedio Patrón]]*Calibración!$W$9/100+Calibración!$X$9,0)),"") -> 0 | V23: =IFERROR(ABS(IF(OR(CertTempC<Calibración!$U$10,CertTempC>Calibración!$V$10),tblResultCalib[[#This Row],[Promedio Patrón]]*Calibración!$W$10/100+Calibración!$X$10,0)),"") -> 0
B24: 10 | C24: ='NI-R01-MCIT-T-01'!B33 -> 0 | D24: ='NI-R01-MCIT-T-01'!C33 -> 0 | E24: ='NI-R01-MCIT-T-01'!D33 -> 0 | F24: ='NI-R01-MCIT-T-01'!E33 -> 0 | G24: ='NI-R01-MCIT-T-01'!F33 -> 0 | H24: ='NI-R01-MCIT-T-01'!G33 -> 0 | I24: =IFERROR(AVERAGE(C24,E24,G24),"") -> 0 | J24: =IFERROR(AVERAGE(D24,F24,H24),"") -> 0 | K24: =IFERROR(IF(C24="","",_xlfn.STDEV.S(D24,F24,H24)),"") -> 0 | M24: 10 | N24: =IFERROR(AVERAGE(C24,E24,G24),"") -> 0 | O24: =IF(tblResultCalib[[#This Row],[Promedio Patrón]]="","",IFERROR(IF(coef_unidad=32,(OFFSET($V$36,0,tblResultCalib[[#This Row],['#]]-1)),OFFSET($V$36,0,tblResultCalib[[#This Row],['#]]-1)+coef_unidad),TREND($O$31:OFFSET($O$31,NumPuntosCalib-1,0),$N$31:OFFSET($N$31,NumPuntosCalib-1,0),tblResultCalib[[#This Row],[Promedio Patrón]]))) -> -0.0020157983 | P24: =IFERROR(tblResultCalib[[#This Row],[Promedio Patrón]]+tblResultCalib[[#This Row],[Corrección patrón]],"") -> -0.0020157983 | Q24: =IFERROR(J24,"") -> 0 | R24: =IFERROR(tblResultCalib[[#This Row],[Patrón corregido]]-tblResultCalib[[#This Row],[Promedio equipo]],"") -> -0.0020157983 | S24: =IF(tblResultCalib[[#This Row],[Promedio Patrón]]="","",IFERROR(IF(coef_unidad=32,(OFFSET($V$47,0,tblResultCalib[[#This Row],['#]]-1)),OFFSET($V$47,0,tblResultCalib[[#This Row],['#]]-1)+coef_unidad),TREND($P$31:OFFSET($P$31,NumPuntosCalib-1,0),$N$31:OFFSET($N$31,NumPuntosCalib-1,0),tblResultCalib[[#This Row],[Promedio Patrón]]))) -> 0.02 | T24: =IF(tblResultCalib[[#This Row],[Promedio Patrón]]="","",IFERROR(IF(coef_unidad=32,(OFFSET($V$58,0,tblResultCalib[[#This Row],['#]]-1)),OFFSET($V$58,0,tblResultCalib[[#This Row],['#]]-1)+coef_unidad),TREND($Q$31:OFFSET($Q$31,NumPuntosCalib-1,0),$N$31:OFFSET($N$31,NumPuntosCalib-1,0),tblResultCalib[[#This Row],[Promedio Patrón]]))) -> 0.001013644 | U24: =IFERROR(ABS(IF(OR(CertTempC<Calibración!$U$9,CertTempC>Calibración!$V$9),tblResultCalib[[#This Row],[Promedio Patrón]]*Calibración!$W$9/100+Calibración!$X$9,0)),"") -> 0 | V24: =IFERROR(ABS(IF(OR(CertTempC<Calibración!$U$10,CertTempC>Calibración!$V$10),tblResultCalib[[#This Row],[Promedio Patrón]]*Calibración!$W$10/100+Calibración!$X$10,0)),"") -> 0
M27: Interpolación corrección y deriva patrón | Q27: =CONCATENATE("[Todo en ", unidad,"]") -> [Todo en °C]
U28: Interpolación corrección patrón | Y28: =CONCATENATE("[Todo en ", unidad,"]") -> [Todo en °C]
C29: Tabla de resultados de la calibración | N29: Patrón | O29: =J5 -> NI-MCPT-05
C30: Temperatura de referencia | D30: Indicación del termómetro | E30: Corrección | F30: Incertidumbre expandida k=2 | G30: Temperatura de referencia | H30: Indicación del termómetro | I30: Corrección | J30: Incertidumbre expandida k=2 | K30: CMC | M30: # | N30: Temperatura de calibración | O30: Correccion Certificado | P30: Incertidumbre certificado U95 | Q30: Deriva patrón | U30: Punto | V30: 1 | W30: 2 | X30: 3 | Y30: 4 | Z30: 5 | AA30: 6 | AB30: 7 | AC30: 8 | AD30: 9 | AE30: 10
C31: =unidad -> °C | D31: =unidad -> °C | E31: =unidad -> °C | F31: =unidad -> °C | G31: K | H31: K | I31: K | J31: K | K31: =unidad -> °C | M31: 1 | N31: =IF(coef_unidad=32,(INDEX(Cert_patrones[[Código Patrón]:[Deriva]],MATCH($O$29,Cert_patrones[Código Patrón],0),3)*1.8+coef_unidad),INDEX(Cert_patrones[[Código Patrón]:[Deriva]],MATCH($O$29,Cert_patrones[Código Patrón],0),3)-coef_unidad) -> -30.067 | O31: =IF(coef_unidad=32,(INDEX(Cert_patrones[[Código Patrón]:[Deriva]],MATCH($O$29,Cert_patrones[Código Patrón],0),4)),INDEX(Cert_patrones[[Código Patrón]:[Deriva]],MATCH($O$29,Cert_patrones[Código Patrón],0),4)+coef_unidad) -> -0.017 | P31: =IF(coef_unidad=32,(INDEX(Cert_patrones[[Código Patrón]:[Deriva]],MATCH($O$29,Cert_patrones[Código Patrón],0),5)),INDEX(Cert_patrones[[Código Patrón]:[Deriva]],MATCH($O$29,Cert_patrones[Código Patrón],0),5)+coef_unidad) -> 0.023 | Q31: =IFERROR(IF(coef_unidad=32,(INDEX(Cert_patrones[[Código Patrón]:[Deriva]],MATCH($O$29,Cert_patrones[Código Patrón],0),9)),INDEX(Cert_patrones[[Código Patrón]:[Deriva]],MATCH($O$29,Cert_patrones[Código Patrón],0),9)+coef_unidad),0) -> 0.004 | U31: x | V31: {=TRANSPOSE(N15:N24)} -> 0 | W31: 0 | X31: 0 | Y31: 0 | Z31: 0 | AA31: 0 | AB31: 0 | AC31: 0 | AD31: 0 | AE31: 0
C32: =P15 -> -0.0020157983 | D32: =Q15 -> 0 | E32: =R15 -> -0.0020157983 | F32: =IFERROR(IF(C32<>"",'kU(E)'!$G$17*'kU(E)'!G50,""),"") -> 0.11960105 | G32: =IFERROR(N15+273.15,"") -> 273.15 | H32: =IFERROR(Q15+273.15,"") -> 273.15 | I32: =IFERROR(R15+273.15,"") -> 273.14798 | J32: =IFERROR(IF(G32<>"",('kU(E)'!$G$17+273.15)*'kU(E)'!G50,""),"") -> 546.4196 | K32: =IFERROR(IF(C32="","",IF(unidad="°C",CMC!M16,IF(unidad="K",CMC!M16+273.15,CMC!M16*9/5))),"") -> 0.071 | M32: 2 | N32: =IF(coef_unidad=32,(INDEX(Cert_patrones[[Código Patrón]:[Deriva]],MATCH($O$29,Cert_patrones[Código Patrón],0)+$M31,3)*1.8+coef_unidad),INDEX(Cert_patrones[[Código Patrón]:[Deriva]],MATCH($O$29,Cert_patrones[Código Patrón],0)+$M31,3)+coef_unidad) -> -0.018 | O32: =IF(coef_unidad=32,(INDEX(Cert_patrones[[Código Patrón]:[Deriva]],MATCH($O$29,Cert_patrones[Código Patrón],0)+$M31,4)),INDEX(Cert_patrones[[Código Patrón]:[Deriva]],MATCH($O$29,Cert_patrones[Código Patrón],0)+$M31,4)+coef_unidad) -> -0.002 | P32: =IF(coef_unidad=32,(INDEX(Cert_patrones[[Código Patrón]:[Deriva]],MATCH($O$29,Cert_patrones[Código Patrón],0)+$M31,5)),INDEX(Cert_patrones[[Código Patrón]:[Deriva]],MATCH($O$29,Cert_patrones[Código Patrón],0)+$M31,5)+coef_unidad) -> 0.02 | Q32: =IFERROR(IF(coef_unidad=32,(INDEX(Cert_patrones[[Código Patrón]:[Deriva]],MATCH($O$29,Cert_patrones[Código Patrón],0)+$M31,9)),INDEX(Cert_patrones[[Código Patrón]:[Deriva]],MATCH($O$29,Cert_patrones[Código Patrón],0)+$M31,9)+coef_unidad),0) -> 0.001 | U32: x1 | V32: =IFERROR(INDEX($N$31:$N$39,MATCH(V$31,$N$31:OFFSET($N$31,NumPuntosCalib-1,0),1)),"") -> -0.018 | W32: =IFERROR(INDEX($N$31:$N$39,MATCH(W$31,$N$31:OFFSET($N$31,NumPuntosCalib-1,0),1)),"") -> -0.018 | X32: =IFERROR(INDEX($N$31:$N$39,MATCH(X$31,$N$31:OFFSET($N$31,NumPuntosCalib-1,0),1)),"") -> -0.018 | Y32: =IFERROR(INDEX($N$31:$N$39,MATCH(Y$31,$N$31:OFFSET($N$31,NumPuntosCalib-1,0),1)),"") -> -0.018 | Z32: =IFERROR(INDEX($N$31:$N$39,MATCH(Z$31,$N$31:OFFSET($N$31,NumPuntosCalib-1,0),1)),"") -> -0.018 | AA32: =IFERROR(INDEX($N$31:$N$39,MATCH(AA$31,$N$31:OFFSET($N$31,NumPuntosCalib-1,0),1)),"") -> -0.018 | AB32: =IFERROR(INDEX($N$31:$N$39,MATCH(AB$31,$N$31:OFFSET($N$31,NumPuntosCalib-1,0),1)),"") -> -0.018 | AC32: =IFERROR(INDEX($N$31:$N$39,MATCH(AC$31,$N$31:OFFSET($N$31,NumPuntosCalib-1,0),1)),"") -> -0.018 | ... AE32: =IFERROR(INDEX($N$31:$N$39,MATCH(AE$31,$N$31:OFFSET($N$31,NumPuntosCalib-1,0),1)),"") -> -0.018
C33: =P16 -> -0.0020157983 | D33: =Q16 -> 0 | E33: =R16 -> -0.0020157983 | F33: =IFERROR(IF(C33<>"",'kU(E)'!$H$17*'kU(E)'!G51,""),"") -> 0.11960105 | G33: =IFERROR(N16+273.15,"") -> 273.15 | H33: =IFERROR(Q16+273.15,"") -> 273.15 | I33: =IFERROR(R16+273.15,"") -> 273.14798 | J33: =IFERROR(IF(G33<>"",('kU(E)'!$H$17+273.15)*'kU(E)'!G51,""),"") -> 546.4196 | K33: =IFERROR(IF(C33="","",IF(unidad="°C",CMC!M17,IF(unidad="K",CMC!M17+273.15,CMC!M17*9/5))),"") -> 0.071 | M33: 3 | N33: =IF(coef_unidad=32,(INDEX(Cert_patrones[[Código Patrón]:[Deriva]],MATCH($O$29,Cert_patrones[Código Patrón],0)+$M32,3)*1.8+coef_unidad),INDEX(Cert_patrones[[Código Patrón]:[Deriva]],MATCH($O$29,Cert_patrones[Código Patrón],0)+$M32,3)+coef_unidad) -> 25.048 | O33: =IF(coef_unidad=32,(INDEX(Cert_patrones[[Código Patrón]:[Deriva]],MATCH($O$29,Cert_patrones[Código Patrón],0)+$M32,4)),INDEX(Cert_patrones[[Código Patrón]:[Deriva]],MATCH($O$29,Cert_patrones[Código Patrón],0)+$M32,4)+coef_unidad) -> -0.024 | P33: =IF(coef_unidad=32,(INDEX(Cert_patrones[[Código Patrón]:[Deriva]],MATCH($O$29,Cert_patrones[Código Patrón],0)+$M32,5)),INDEX(Cert_patrones[[Código Patrón]:[Deriva]],MATCH($O$29,Cert_patrones[Código Patrón],0)+$M32,5)+coef_unidad) -> 0.02 | Q33: =IFERROR(IF(coef_unidad=32,(INDEX(Cert_patrones[[Código Patrón]:[Deriva]],MATCH($O$29,Cert_patrones[Código Patrón],0)+$M32,9)),INDEX(Cert_patrones[[Código Patrón]:[Deriva]],MATCH($O$29,Cert_patrones[Código Patrón],0)+$M32,9)+coef_unidad),0) -> 0.02 | U33: y1 | V33: =IFERROR(INDEX($O$31:$O$39,MATCH(V$31,$N$31:OFFSET($N$31,NumPuntosCalib-1,0),1)),"") -> -0.002 | W33: =IFERROR(INDEX($O$31:$O$39,MATCH(W$31,$N$31:OFFSET($N$31,NumPuntosCalib-1,0),1)),"") -> -0.002 | X33: =IFERROR(INDEX($O$31:$O$39,MATCH(X$31,$N$31:OFFSET($N$31,NumPuntosCalib-1,0),1)),"") -> -0.002 | Y33: =IFERROR(INDEX($O$31:$O$39,MATCH(Y$31,$N$31:OFFSET($N$31,NumPuntosCalib-1,0),1)),"") -> -0.002 | Z33: =IFERROR(INDEX($O$31:$O$39,MATCH(Z$31,$N$31:OFFSET($N$31,NumPuntosCalib-1,0),1)),"") -> -0.002 | AA33: =IFERROR(INDEX($O$31:$O$39,MATCH(AA$31,$N$31:OFFSET($N$31,NumPuntosCalib-1,0),1)),"") -> -0.002 | AB33: =IFERROR(INDEX($O$31:$O$39,MATCH(AB$31,$N$31:OFFSET($N$31,NumPuntosCalib-1,0),1)),"") -> -0.002 | AC33: =IFERROR(INDEX($O$31:$O$39,MATCH(AC$31,$N$31:OFFSET($N$31,NumPuntosCalib-1,0),1)),"") -> -0.002 | ... AE33: =IFERROR(INDEX($O$31:$O$39,MATCH(AE$31,$N$31:OFFSET($N$31,NumPuntosCalib-1,0),1)),"") -> -0.002
C34: =P17 -> -0.0020157983 | D34: =Q17 -> 0 | E34: =R17 -> -0.0020157983 | F34: =IFERROR(IF(C34<>"",'kU(E)'!$I$17*'kU(E)'!G52,""),"") -> 0.11960105 | G34: =IFERROR(N17+273.15,"") -> 273.15 | H34: =IFERROR(Q17+273.15,"") -> 273.15 | I34: =IFERROR(R17+273.15,"") -> 273.14798 | J34: =IFERROR(IF(G34<>"",('kU(E)'!$I$17+273.15)*'kU(E)'!G52,""),"") -> 546.4196 | K34: =IFERROR(IF(C34="","",IF(unidad="°C",CMC!M18,IF(unidad="K",CMC!M18+273.15,CMC!M18*9/5))),"") -> 0.071 | M34: 4 | N34: =IF(coef_unidad=32,(INDEX(Cert_patrones[[Código Patrón]:[Deriva]],MATCH($O$29,Cert_patrones[Código Patrón],0)+$M33,3)*1.8+coef_unidad),INDEX(Cert_patrones[[Código Patrón]:[Deriva]],MATCH($O$29,Cert_patrones[Código Patrón],0)+$M33,3)+coef_unidad) -> 49.993 | O34: =IF(coef_unidad=32,(INDEX(Cert_patrones[[Código Patrón]:[Deriva]],MATCH($O$29,Cert_patrones[Código Patrón],0)+$M33,4)),INDEX(Cert_patrones[[Código Patrón]:[Deriva]],MATCH($O$29,Cert_patrones[Código Patrón],0)+$M33,4)+coef_unidad) -> -0.01 | P34: =IF(coef_unidad=32,(INDEX(Cert_patrones[[Código Patrón]:[Deriva]],MATCH($O$29,Cert_patrones[Código Patrón],0)+$M33,5)),INDEX(Cert_patrones[[Código Patrón]:[Deriva]],MATCH($O$29,Cert_patrones[Código Patrón],0)+$M33,5)+coef_unidad) -> 0.02 | Q34: =IFERROR(IF(coef_unidad=32,(INDEX(Cert_patrones[[Código Patrón]:[Deriva]],MATCH($O$29,Cert_patrones[Código Patrón],0)+$M33,9)),INDEX(Cert_patrones[[Código Patrón]:[Deriva]],MATCH($O$29,Cert_patrones[Código Patrón],0)+$M33,9)+coef_unidad),0) -> 0 | U34: x2 | V34: =IFERROR(INDEX($N$31:$N$39,MATCH(V$31,$N$31:OFFSET($N$31,NumPuntosCalib-1,0),1)+1),"") -> 25.048 | W34: =IFERROR(INDEX($N$31:$N$39,MATCH(W$31,$N$31:OFFSET($N$31,NumPuntosCalib-1,0),1)+1),"") -> 25.048 | X34: =IFERROR(INDEX($N$31:$N$39,MATCH(X$31,$N$31:OFFSET($N$31,NumPuntosCalib-1,0),1)+1),"") -> 25.048 | Y34: =IFERROR(INDEX($N$31:$N$39,MATCH(Y$31,$N$31:OFFSET($N$31,NumPuntosCalib-1,0),1)+1),"") -> 25.048 | Z34: =IFERROR(INDEX($N$31:$N$39,MATCH(Z$31,$N$31:OFFSET($N$31,NumPuntosCalib-1,0),1)+1),"") -> 25.048 | AA34: =IFERROR(INDEX($N$31:$N$39,MATCH(AA$31,$N$31:OFFSET($N$31,NumPuntosCalib-1,0),1)+1),"") -> 25.048 | AB34: =IFERROR(INDEX($N$31:$N$39,MATCH(AB$31,$N$31:OFFSET($N$31,NumPuntosCalib-1,0),1)+1),"") -> 25.048 | AC34: =IFERROR(INDEX($N$31:$N$39,MATCH(AC$31,$N$31:OFFSET($N$31,NumPuntosCalib-1,0),1)+1),"") -> 25.048 | ... AE34: =IFERROR(INDEX($N$31:$N$39,MATCH(AE$31,$N$31:OFFSET($N$31,NumPuntosCalib-1,0),1)+1),"") -> 25.048
C35: =P18 -> -0.0020157983 | D35: =Q18 -> 0 | E35: =R18 -> -0.0020157983 | F35: =IFERROR(IF(C35<>"",'kU(E)'!$J$17*'kU(E)'!G53,""),"") -> 0.11960105 | G35: =IFERROR(N18+273.15,"") -> 273.15 | H35: =IFERROR(Q18+273.15,"") -> 273.15 | I35: =IFERROR(R18+273.15,"") -> 273.14798 | J35: =IFERROR(IF(G35<>"",('kU(E)'!$J$17+273.15)*'kU(E)'!G53,""),"") -> 546.4196 | K35: =IFERROR(IF(C35="","",IF(unidad="°C",CMC!M19,IF(unidad="K",CMC!M19+273.15,CMC!M19*9/5))),"") -> 0.071 | M35: 5 | N35: =IF(coef_unidad=32,(INDEX(Cert_patrones[[Código Patrón]:[Deriva]],MATCH($O$29,Cert_patrones[Código Patrón],0)+$M34,3)*1.8+coef_unidad),INDEX(Cert_patrones[[Código Patrón]:[Deriva]],MATCH($O$29,Cert_patrones[Código Patrón],0)+$M34,3)+coef_unidad) -> 99.995 | O35: =IF(coef_unidad=32,(INDEX(Cert_patrones[[Código Patrón]:[Deriva]],MATCH($O$29,Cert_patrones[Código Patrón],0)+$M34,4)),INDEX(Cert_patrones[[Código Patrón]:[Deriva]],MATCH($O$29,Cert_patrones[Código Patrón],0)+$M34,4)+coef_unidad) -> -0.007 | P35: =IF(coef_unidad=32,(INDEX(Cert_patrones[[Código Patrón]:[Deriva]],MATCH($O$29,Cert_patrones[Código Patrón],0)+$M34,5)),INDEX(Cert_patrones[[Código Patrón]:[Deriva]],MATCH($O$29,Cert_patrones[Código Patrón],0)+$M34,5)+coef_unidad) -> 0.02 | Q35: =IFERROR(IF(coef_unidad=32,(INDEX(Cert_patrones[[Código Patrón]:[Deriva]],MATCH($O$29,Cert_patrones[Código Patrón],0)+$M34,9)),INDEX(Cert_patrones[[Código Patrón]:[Deriva]],MATCH($O$29,Cert_patrones[Código Patrón],0)+$M34,9)+coef_unidad),0) -> 0.003 | U35: y2 | V35: =IFERROR(INDEX($O$31:$O$39,MATCH(V$31,$N$31:OFFSET($N$31,NumPuntosCalib-1,0),1)+1),"") -> -0.024 | W35: =IFERROR(INDEX($O$31:$O$39,MATCH(W$31,$N$31:OFFSET($N$31,NumPuntosCalib-1,0),1)+1),"") -> -0.024 | X35: =IFERROR(INDEX($O$31:$O$39,MATCH(X$31,$N$31:OFFSET($N$31,NumPuntosCalib-1,0),1)+1),"") -> -0.024 | Y35: =IFERROR(INDEX($O$31:$O$39,MATCH(Y$31,$N$31:OFFSET($N$31,NumPuntosCalib-1,0),1)+1),"") -> -0.024 | Z35: =IFERROR(INDEX($O$31:$O$39,MATCH(Z$31,$N$31:OFFSET($N$31,NumPuntosCalib-1,0),1)+1),"") -> -0.024 | AA35: =IFERROR(INDEX($O$31:$O$39,MATCH(AA$31,$N$31:OFFSET($N$31,NumPuntosCalib-1,0),1)+1),"") -> -0.024 | AB35: =IFERROR(INDEX($O$31:$O$39,MATCH(AB$31,$N$31:OFFSET($N$31,NumPuntosCalib-1,0),1)+1),"") -> -0.024 | AC35: =IFERROR(INDEX($O$31:$O$39,MATCH(AC$31,$N$31:OFFSET($N$31,NumPuntosCalib-1,0),1)+1),"") -> -0.024 | ... AE35: =IFERROR(INDEX($O$31:$O$39,MATCH(AE$31,$N$31:OFFSET($N$31,NumPuntosCalib-1,0),1)+1),"") -> -0.024
C36: =P19 -> -0.0020157983 | D36: =Q19 -> 0 | E36: =R19 -> -0.0020157983 | F36: =IFERROR(IF(C36<>"",'kU(E)'!$K$17*'kU(E)'!G54,""),"") -> 0.11960105 | G36: =IFERROR(N19+273.15,"") -> 273.15 | H36: =IFERROR(Q19+273.15,"") -> 273.15 | I36: =IFERROR(R19+273.15,"") -> 273.14798 | J36: =IFERROR(IF(G36<>"",('kU(E)'!$K$17+273.15)*'kU(E)'!G54,""),"") -> 546.4196 | K36: =IFERROR(IF(C36="","",IF(unidad="°C",CMC!M20,IF(unidad="K",CMC!M20+273.15,CMC!M20*9/5))),"") -> 0.071 | M36: 6 | N36: =IF(coef_unidad=32,(INDEX(Cert_patrones[[Código Patrón]:[Deriva]],MATCH($O$29,Cert_patrones[Código Patrón],0)+$M35,3)*1.8+coef_unidad),INDEX(Cert_patrones[[Código Patrón]:[Deriva]],MATCH($O$29,Cert_patrones[Código Patrón],0)+$M35,3)+coef_unidad) -> 150.087 | O36: =IF(coef_unidad=32,(INDEX(Cert_patrones[[Código Patrón]:[Deriva]],MATCH($O$29,Cert_patrones[Código Patrón],0)+$M35,4)),INDEX(Cert_patrones[[Código Patrón]:[Deriva]],MATCH($O$29,Cert_patrones[Código Patrón],0)+$M35,4)+coef_unidad) -> 0.002 | P36: =IF(coef_unidad=32,(INDEX(Cert_patrones[[Código Patrón]:[Deriva]],MATCH($O$29,Cert_patrones[Código Patrón],0)+$M35,5)),INDEX(Cert_patrones[[Código Patrón]:[Deriva]],MATCH($O$29,Cert_patrones[Código Patrón],0)+$M35,5)+coef_unidad) -> 0.026 | Q36: =IFERROR(IF(coef_unidad=32,(INDEX(Cert_patrones[[Código Patrón]:[Deriva]],MATCH($O$29,Cert_patrones[Código Patrón],0)+$M35,9)),INDEX(Cert_patrones[[Código Patrón]:[Deriva]],MATCH($O$29,Cert_patrones[Código Patrón],0)+$M35,9)+coef_unidad),0) -> 0.002 | U36: y | V36: =IFERROR(V33+(V31-V32)*(V35-V33)/(V34-V32),"") -> -0.0020157983 | W36: =IFERROR(W33+(W31-W32)*(W35-W33)/(W34-W32),"") -> -0.0020157983 | X36: =IFERROR(X33+(X31-X32)*(X35-X33)/(X34-X32),"") -> -0.0020157983 | Y36: =IFERROR(Y33+(Y31-Y32)*(Y35-Y33)/(Y34-Y32),"") -> -0.0020157983 | Z36: =IFERROR(Z33+(Z31-Z32)*(Z35-Z33)/(Z34-Z32),"") -> -0.0020157983 | AA36: =IFERROR(AA33+(AA31-AA32)*(AA35-AA33)/(AA34-AA32),"") -> -0.0020157983 | AB36: =IFERROR(AB33+(AB31-AB32)*(AB35-AB33)/(AB34-AB32),"") -> -0.0020157983 | AC36: =IFERROR(AC33+(AC31-AC32)*(AC35-AC33)/(AC34-AC32),"") -> -0.0020157983 | ... AE36: =IFERROR(AE33+(AE31-AE32)*(AE35-AE33)/(AE34-AE32),"") -> -0.0020157983
C37: =P20 -> -0.0020157983 | D37: =Q20 -> 0 | E37: =R20 -> -0.0020157983 | F37: =IFERROR(IF(C37<>"",'kU(E)'!$L$17*'kU(E)'!G55,""),"") -> 0.11960105 | G37: =IFERROR(N20+273.15,"") -> 273.15 | H37: =IFERROR(Q20+273.15,"") -> 273.15 | I37: =IFERROR(R20+273.15,"") -> 273.14798 | J37: =IFERROR(IF(G37<>"",('kU(E)'!$L$17+273.15)*'kU(E)'!G55,""),"") -> 546.4196 | K37: =IFERROR(IF(C37="","",IF(unidad="°C",CMC!M21,IF(unidad="K",CMC!M21+273.15,CMC!M21*9/5))),"") -> 0.071 | M37: 7 | N37: =IF(coef_unidad=32,(INDEX(Cert_patrones[[Código Patrón]:[Deriva]],MATCH($O$29,Cert_patrones[Código Patrón],0)+$M36,3)*1.8+coef_unidad),INDEX(Cert_patrones[[Código Patrón]:[Deriva]],MATCH($O$29,Cert_patrones[Código Patrón],0)+$M36,3)+coef_unidad) -> 200.096 | O37: =IF(coef_unidad=32,(INDEX(Cert_patrones[[Código Patrón]:[Deriva]],MATCH($O$29,Cert_patrones[Código Patrón],0)+$M36,4)),INDEX(Cert_patrones[[Código Patrón]:[Deriva]],MATCH($O$29,Cert_patrones[Código Patrón],0)+$M36,4)+coef_unidad) -> -0.005 | P37: =IF(coef_unidad=32,(INDEX(Cert_patrones[[Código Patrón]:[Deriva]],MATCH($O$29,Cert_patrones[Código Patrón],0)+$M36,5)),INDEX(Cert_patrones[[Código Patrón]:[Deriva]],MATCH($O$29,Cert_patrones[Código Patrón],0)+$M36,5)+coef_unidad) -> 0.026 | Q37: =IFERROR(IF(coef_unidad=32,(INDEX(Cert_patrones[[Código Patrón]:[Deriva]],MATCH($O$29,Cert_patrones[Código Patrón],0)+$M36,9)),INDEX(Cert_patrones[[Código Patrón]:[Deriva]],MATCH($O$29,Cert_patrones[Código Patrón],0)+$M36,9)+coef_unidad),0) -> 0
C38: =P21 -> -0.0020157983 | D38: =Q21 -> 0 | E38: =R21 -> -0.0020157983 | F38: =IFERROR(IF(C38<>"",'kU(E)'!$M$17*'kU(E)'!G56,""),"") -> 0.11960105 | G38: =IFERROR(N21+273.15,"") -> 273.15 | H38: =IFERROR(Q21+273.15,"") -> 273.15 | I38: =IFERROR(R21+273.15,"") -> 273.14798 | J38: =IFERROR(IF(G38<>"",('kU(E)'!$M$17+273.15)*'kU(E)'!G56,""),"") -> 546.4196 | K38: =IFERROR(IF(C38="","",IF(unidad="°C",CMC!M22,IF(unidad="K",CMC!M22+273.15,CMC!M22*9/5))),"") -> 0.071 | M38: 8 | N38: =IF(coef_unidad=32,(INDEX(Cert_patrones[[Código Patrón]:[Deriva]],MATCH($O$29,Cert_patrones[Código Patrón],0)+$M37,3)*1.8+coef_unidad),INDEX(Cert_patrones[[Código Patrón]:[Deriva]],MATCH($O$29,Cert_patrones[Código Patrón],0)+$M37,3)+coef_unidad) -> 250.014 | O38: =IF(coef_unidad=32,(INDEX(Cert_patrones[[Código Patrón]:[Deriva]],MATCH($O$29,Cert_patrones[Código Patrón],0)+$M37,4)),INDEX(Cert_patrones[[Código Patrón]:[Deriva]],MATCH($O$29,Cert_patrones[Código Patrón],0)+$M37,4)+coef_unidad) -> -0.012 | P38: =IF(coef_unidad=32,(INDEX(Cert_patrones[[Código Patrón]:[Deriva]],MATCH($O$29,Cert_patrones[Código Patrón],0)+$M37,5)),INDEX(Cert_patrones[[Código Patrón]:[Deriva]],MATCH($O$29,Cert_patrones[Código Patrón],0)+$M37,5)+coef_unidad) -> 0.026 | Q38: =IFERROR(IF(coef_unidad=32,(INDEX(Cert_patrones[[Código Patrón]:[Deriva]],MATCH($O$29,Cert_patrones[Código Patrón],0)+$M37,9)),INDEX(Cert_patrones[[Código Patrón]:[Deriva]],MATCH($O$29,Cert_patrones[Código Patrón],0)+$M37,9)+coef_unidad),0) -> 0.004
C39: =P22 -> -0.0020157983 | D39: =Q22 -> 0 | E39: =R22 -> -0.0020157983 | F39: =IFERROR(IF(C39<>"",'kU(E)'!$N$17*'kU(E)'!G57,""),"") -> 0.11960105 | G39: =IFERROR(N22+273.15,"") -> 273.15 | H39: =IFERROR(Q22+273.15,"") -> 273.15 | I39: =IFERROR(R22+273.15,"") -> 273.14798 | J39: =IFERROR(IF(G39<>"",('kU(E)'!$N$17+273.15)*'kU(E)'!G57,""),"") -> 546.4196 | K39: =IFERROR(IF(C39="","",IF(unidad="°C",CMC!M23,IF(unidad="K",CMC!M23+273.15,CMC!M23*9/5))),"") -> 0.071 | M39: 9 | N39: =IF(coef_unidad=32,(INDEX(Cert_patrones[[Código Patrón]:[Deriva]],MATCH($O$29,Cert_patrones[Código Patrón],0)+$M38,3)*1.8+coef_unidad),INDEX(Cert_patrones[[Código Patrón]:[Deriva]],MATCH($O$29,Cert_patrones[Código Patrón],0)+$M38,3)+coef_unidad) -> 0 | O39: =IF(coef_unidad=32,(INDEX(Cert_patrones[[Código Patrón]:[Deriva]],MATCH($O$29,Cert_patrones[Código Patrón],0)+$M38,4)),INDEX(Cert_patrones[[Código Patrón]:[Deriva]],MATCH($O$29,Cert_patrones[Código Patrón],0)+$M38,4)+coef_unidad) -> 0 | P39: =IF(coef_unidad=32,(INDEX(Cert_patrones[[Código Patrón]:[Deriva]],MATCH($O$29,Cert_patrones[Código Patrón],0)+$M38,5)),INDEX(Cert_patrones[[Código Patrón]:[Deriva]],MATCH($O$29,Cert_patrones[Código Patrón],0)+$M38,5)+coef_unidad) -> 0 | Q39: =IFERROR(IF(coef_unidad=32,(INDEX(Cert_patrones[[Código Patrón]:[Deriva]],MATCH($O$29,Cert_patrones[Código Patrón],0)+$M38,9)),INDEX(Cert_patrones[[Código Patrón]:[Deriva]],MATCH($O$29,Cert_patrones[Código Patrón],0)+$M38,9)+coef_unidad),0) -> 0 | U39: Interpolación incertidumbre patrón | Y39: =CONCATENATE("[Todo en ", unidad,"]") -> [Todo en °C]
C40: =P23 -> -0.0020157983 | D40: =Q23 -> 0 | E40: =R23 -> -0.0020157983 | F40: =IFERROR(IF(C40<>"",'kU(E)'!$O$17*'kU(E)'!G58,""),"") -> 0.11960105 | G40: =IFERROR(N23+273.15,"") -> 273.15 | H40: =IFERROR(Q23+273.15,"") -> 273.15 | I40: =IFERROR(R23+273.15,"") -> 273.14798 | J40: =IFERROR(IF(G40<>"",('kU(E)'!$O$17+273.15)*'kU(E)'!G58,""),"") -> 546.4196 | K40: =IFERROR(IF(C40="","",IF(unidad="°C",CMC!M24,IF(unidad="K",CMC!M24+273.15,CMC!M24*9/5))),"") -> 0.071 | M40: 12 | N40: Número puntos de calib. | P40: =COUNTIF(P31:P39,"<>0") -> 8
C41: =P24 -> -0.0020157983 | D41: =Q24 -> 0 | E41: =R24 -> -0.0020157983 | F41: =IFERROR(IF(C41<>"",'kU(E)'!$P$17*'kU(E)'!G59,""),"") -> 0.11960105 | G41: =IFERROR(N24+273.15,"") -> 273.15 | H41: =IFERROR(Q24+273.15,"") -> 273.15 | I41: =IFERROR(R24+273.15,"") -> 273.14798 | J41: =IFERROR(IF(G41<>"",('kU(E)'!$P$17+273.15)*'kU(E)'!G59,""),"") -> 546.4196 | K41: =IFERROR(IF(C41="","",IF(unidad="°C",CMC!M25,IF(unidad="K",CMC!M25+273.15,CMC!M25*9/5))),"") -> 0.071 | N41: R2= | O41: {=RSQ($O$31:OFFSET($O$31,MATCH(TRUE,$O$31:$O$39<>0,1)-1,0),$N$31:OFFSET($N$31,MATCH(TRUE,$O$31:$O$39<>0,1)-1,0))} -> 0.11709908 | P41: {=RSQ($P$31:OFFSET($P$31,MATCH(TRUE,$O$31:$O$39<>0,1)-1,0),$N$31:OFFSET($N$31,MATCH(TRUE,$O$31:$O$39<>0,1)-1,0))} -> 0.56068942 | Q41: {=RSQ($Q$31:OFFSET($Q$31,MATCH(TRUE,$O$31:$O$39<>0,1)-1,0),$N$31:OFFSET($N$31,MATCH(TRUE,$O$31:$O$39<>0,1)-1,0))} -> 0.066937529 | U41: Punto | V41: 1 | W41: 2 | X41: 3 | Y41: 4 | Z41: 5 | AA41: 6 | AB41: 7 | AC41: 8 | AD41: 9 | AE41: 10
U42: x | V42: {=TRANSPOSE(N15:N24)} -> 0 | W42: 0 | X42: 0 | Y42: 0 | Z42: 0 | AA42: 0 | AB42: 0 | AC42: 0 | AD42: 0 | AE42: 0
C43: Observaciones | U43: x1 | V43: =IFERROR(INDEX($N$31:$N$39,MATCH(V$42,$N$31:OFFSET($N$31,NumPuntosCalib-1,0),1)),"") -> -0.018 | W43: =IFERROR(INDEX($N$31:$N$39,MATCH(W$42,$N$31:OFFSET($N$31,NumPuntosCalib-1,0),1)),"") -> -0.018 | X43: =IFERROR(INDEX($N$31:$N$39,MATCH(X$42,$N$31:OFFSET($N$31,NumPuntosCalib-1,0),1)),"") -> -0.018 | Y43: =IFERROR(INDEX($N$31:$N$39,MATCH(Y$42,$N$31:OFFSET($N$31,NumPuntosCalib-1,0),1)),"") -> -0.018 | Z43: =IFERROR(INDEX($N$31:$N$39,MATCH(Z$42,$N$31:OFFSET($N$31,NumPuntosCalib-1,0),1)),"") -> -0.018 | AA43: =IFERROR(INDEX($N$31:$N$39,MATCH(AA$42,$N$31:OFFSET($N$31,NumPuntosCalib-1,0),1)),"") -> -0.018 | AB43: =IFERROR(INDEX($N$31:$N$39,MATCH(AB$42,$N$31:OFFSET($N$31,NumPuntosCalib-1,0),1)),"") -> -0.018 | AC43: =IFERROR(INDEX($N$31:$N$39,MATCH(AC$42,$N$31:OFFSET($N$31,NumPuntosCalib-1,0),1)),"") -> -0.018 | ... AE43: =IFERROR(INDEX($N$31:$N$39,MATCH(AE$42,$N$31:OFFSET($N$31,NumPuntosCalib-1,0),1)),"") -> -0.018
C44: La corrección corresponde al valor del patrón menos las indicación del equipo. | U44: y1 | V44: =IFERROR(INDEX($P$31:$P$39,MATCH(V$42,$N$31:OFFSET($N$31,NumPuntosCalib-1,0),1)),"") -> 0.02 | W44: =IFERROR(INDEX($P$31:$P$39,MATCH(W$42,$N$31:OFFSET($N$31,NumPuntosCalib-1,0),1)),"") -> 0.02 | X44: =IFERROR(INDEX($P$31:$P$39,MATCH(X$42,$N$31:OFFSET($N$31,NumPuntosCalib-1,0),1)),"") -> 0.02 | Y44: =IFERROR(INDEX($P$31:$P$39,MATCH(Y$42,$N$31:OFFSET($N$31,NumPuntosCalib-1,0),1)),"") -> 0.02 | Z44: =IFERROR(INDEX($P$31:$P$39,MATCH(Z$42,$N$31:OFFSET($N$31,NumPuntosCalib-1,0),1)),"") -> 0.02 | AA44: =IFERROR(INDEX($P$31:$P$39,MATCH(AA$42,$N$31:OFFSET($N$31,NumPuntosCalib-1,0),1)),"") -> 0.02 | AB44: =IFERROR(INDEX($P$31:$P$39,MATCH(AB$42,$N$31:OFFSET($N$31,NumPuntosCalib-1,0),1)),"") -> 0.02 | AC44: =IFERROR(INDEX($P$31:$P$39,MATCH(AC$42,$N$31:OFFSET($N$31,NumPuntosCalib-1,0),1)),"") -> 0.02 | ... AE44: =IFERROR(INDEX($P$31:$P$39,MATCH(AE$42,$N$31:OFFSET($N$31,NumPuntosCalib-1,0),1)),"") -> 0.02
C45: La indicación de temperatura de referencia y del equipo, corresponden al promedio de 3 mediciones . | U45: x2 | V45: =IFERROR(INDEX($N$31:$N$39,MATCH(V$42,$N$31:OFFSET($N$31,NumPuntosCalib-1,0),1)+1),"") -> 25.048 | W45: =IFERROR(INDEX($N$31:$N$39,MATCH(W$42,$N$31:OFFSET($N$31,NumPuntosCalib-1,0),1)+1),"") -> 25.048 | X45: =IFERROR(INDEX($N$31:$N$39,MATCH(X$42,$N$31:OFFSET($N$31,NumPuntosCalib-1,0),1)+1),"") -> 25.048 | Y45: =IFERROR(INDEX($N$31:$N$39,MATCH(Y$42,$N$31:OFFSET($N$31,NumPuntosCalib-1,0),1)+1),"") -> 25.048 | Z45: =IFERROR(INDEX($N$31:$N$39,MATCH(Z$42,$N$31:OFFSET($N$31,NumPuntosCalib-1,0),1)+1),"") -> 25.048 | AA45: =IFERROR(INDEX($N$31:$N$39,MATCH(AA$42,$N$31:OFFSET($N$31,NumPuntosCalib-1,0),1)+1),"") -> 25.048 | AB45: =IFERROR(INDEX($N$31:$N$39,MATCH(AB$42,$N$31:OFFSET($N$31,NumPuntosCalib-1,0),1)+1),"") -> 25.048 | AC45: =IFERROR(INDEX($N$31:$N$39,MATCH(AC$42,$N$31:OFFSET($N$31,NumPuntosCalib-1,0),1)+1),"") -> 25.048 | ... AE45: =IFERROR(INDEX($N$31:$N$39,MATCH(AE$42,$N$31:OFFSET($N$31,NumPuntosCalib-1,0),1)+1),"") -> 25.048
C46: El factor de conversión al SI corresponde a T(K) = t(°C) + 273,15 | U46: y2 | V46: =IFERROR(INDEX($P$31:$P$39,MATCH(V$32,$N$31:OFFSET($N$31,NumPuntosCalib-1,0),1)+1),"") -> 0.02 | W46: =IFERROR(INDEX($P$31:$P$39,MATCH(W$32,$N$31:OFFSET($N$31,NumPuntosCalib-1,0),1)+1),"") -> 0.02 | X46: =IFERROR(INDEX($P$31:$P$39,MATCH(X$32,$N$31:OFFSET($N$31,NumPuntosCalib-1,0),1)+1),"") -> 0.02 | Y46: =IFERROR(INDEX($P$31:$P$39,MATCH(Y$32,$N$31:OFFSET($N$31,NumPuntosCalib-1,0),1)+1),"") -> 0.02 | Z46: =IFERROR(INDEX($P$31:$P$39,MATCH(Z$32,$N$31:OFFSET($N$31,NumPuntosCalib-1,0),1)+1),"") -> 0.02 | AA46: =IFERROR(INDEX($P$31:$P$39,MATCH(AA$32,$N$31:OFFSET($N$31,NumPuntosCalib-1,0),1)+1),"") -> 0.02 | AB46: =IFERROR(INDEX($P$31:$P$39,MATCH(AB$32,$N$31:OFFSET($N$31,NumPuntosCalib-1,0),1)+1),"") -> 0.02 | AC46: =IFERROR(INDEX($P$31:$P$39,MATCH(AC$32,$N$31:OFFSET($N$31,NumPuntosCalib-1,0),1)+1),"") -> 0.02 | ... AE46: =IFERROR(INDEX($P$31:$P$39,MATCH(AE$32,$N$31:OFFSET($N$31,NumPuntosCalib-1,0),1)+1),"") -> 0.02
C47: De acuerdo a lo establecido en NTON 07-004-01 Norma Metrológica del Sistema Internacional de Unidades (SI). | U47: y | V47: =IFERROR(V44+(V42-V43)*(V46-V44)/(V45-V43),"") -> 0.02 | W47: =IFERROR(W44+(W42-W43)*(W46-W44)/(W45-W43),"") -> 0.02 | X47: =IFERROR(X44+(X42-X43)*(X46-X44)/(X45-X43),"") -> 0.02 | Y47: =IFERROR(Y44+(Y42-Y43)*(Y46-Y44)/(Y45-Y43),"") -> 0.02 | Z47: =IFERROR(Z44+(Z42-Z43)*(Z46-Z44)/(Z45-Z43),"") -> 0.02 | AA47: =IFERROR(AA44+(AA42-AA43)*(AA46-AA44)/(AA45-AA43),"") -> 0.02 | AB47: =IFERROR(AB44+(AB42-AB43)*(AB46-AB44)/(AB45-AB43),"") -> 0.02 | AC47: =IFERROR(AC44+(AC42-AC43)*(AC46-AC44)/(AC45-AC43),"") -> 0.02 | ... AE47: =IFERROR(AE44+(AE42-AE43)*(AE46-AE44)/(AE45-AE43),"") -> 0.02
U50: Interpolación deriva patrón | Y50: =CONCATENATE("[Todo en ", unidad,"]") -> [Todo en °C]
U52: Punto | V52: 1 | W52: 2 | X52: 3 | Y52: 4 | Z52: 5 | AA52: 6 | AB52: 7 | AC52: 8 | AD52: 9 | AE52: 10
U53: x | V53: {=TRANSPOSE(N15:N24)} -> 0 | W53: 0 | X53: 0 | Y53: 0 | Z53: 0 | AA53: 0 | AB53: 0 | AC53: 0 | AD53: 0 | AE53: 0
U54: x1 | V54: =IFERROR(INDEX($N$31:$N$39,MATCH(V$42,$N$31:OFFSET($N$31,NumPuntosCalib-1,0),1)),"") -> -0.018 | W54: =IFERROR(INDEX($N$31:$N$39,MATCH(W$42,$N$31:OFFSET($N$31,NumPuntosCalib-1,0),1)),"") -> -0.018 | X54: =IFERROR(INDEX($N$31:$N$39,MATCH(X$42,$N$31:OFFSET($N$31,NumPuntosCalib-1,0),1)),"") -> -0.018 | Y54: =IFERROR(INDEX($N$31:$N$39,MATCH(Y$42,$N$31:OFFSET($N$31,NumPuntosCalib-1,0),1)),"") -> -0.018 | Z54: =IFERROR(INDEX($N$31:$N$39,MATCH(Z$42,$N$31:OFFSET($N$31,NumPuntosCalib-1,0),1)),"") -> -0.018 | AA54: =IFERROR(INDEX($N$31:$N$39,MATCH(AA$42,$N$31:OFFSET($N$31,NumPuntosCalib-1,0),1)),"") -> -0.018 | AB54: =IFERROR(INDEX($N$31:$N$39,MATCH(AB$42,$N$31:OFFSET($N$31,NumPuntosCalib-1,0),1)),"") -> -0.018 | AC54: =IFERROR(INDEX($N$31:$N$39,MATCH(AC$42,$N$31:OFFSET($N$31,NumPuntosCalib-1,0),1)),"") -> -0.018 | ... AE54: =IFERROR(INDEX($N$31:$N$39,MATCH(AE$42,$N$31:OFFSET($N$31,NumPuntosCalib-1,0),1)),"") -> -0.018
U55: y1 | V55: =IFERROR(INDEX($Q$31:$Q$39,MATCH(V$42,$N$31:OFFSET($N$31,NumPuntosCalib-1,0),1)),"") -> 0.001 | W55: =IFERROR(INDEX($Q$31:$Q$39,MATCH(W$42,$N$31:OFFSET($N$31,NumPuntosCalib-1,0),1)),"") -> 0.001 | X55: =IFERROR(INDEX($Q$31:$Q$39,MATCH(X$42,$N$31:OFFSET($N$31,NumPuntosCalib-1,0),1)),"") -> 0.001 | Y55: =IFERROR(INDEX($Q$31:$Q$39,MATCH(Y$42,$N$31:OFFSET($N$31,NumPuntosCalib-1,0),1)),"") -> 0.001 | Z55: =IFERROR(INDEX($Q$31:$Q$39,MATCH(Z$42,$N$31:OFFSET($N$31,NumPuntosCalib-1,0),1)),"") -> 0.001 | AA55: =IFERROR(INDEX($Q$31:$Q$39,MATCH(AA$42,$N$31:OFFSET($N$31,NumPuntosCalib-1,0),1)),"") -> 0.001 | AB55: =IFERROR(INDEX($Q$31:$Q$39,MATCH(AB$42,$N$31:OFFSET($N$31,NumPuntosCalib-1,0),1)),"") -> 0.001 | AC55: =IFERROR(INDEX($Q$31:$Q$39,MATCH(AC$42,$N$31:OFFSET($N$31,NumPuntosCalib-1,0),1)),"") -> 0.001 | ... AE55: =IFERROR(INDEX($Q$31:$Q$39,MATCH(AE$42,$N$31:OFFSET($N$31,NumPuntosCalib-1,0),1)),"") -> 0.001
U56: x2 | V56: =IFERROR(INDEX($N$31:$N$39,MATCH(V$42,$N$31:OFFSET($N$31,NumPuntosCalib-1,0),1)+1),"") -> 25.048 | W56: =IFERROR(INDEX($N$31:$N$39,MATCH(W$42,$N$31:OFFSET($N$31,NumPuntosCalib-1,0),1)+1),"") -> 25.048 | X56: =IFERROR(INDEX($N$31:$N$39,MATCH(X$42,$N$31:OFFSET($N$31,NumPuntosCalib-1,0),1)+1),"") -> 25.048 | Y56: =IFERROR(INDEX($N$31:$N$39,MATCH(Y$42,$N$31:OFFSET($N$31,NumPuntosCalib-1,0),1)+1),"") -> 25.048 | Z56: =IFERROR(INDEX($N$31:$N$39,MATCH(Z$42,$N$31:OFFSET($N$31,NumPuntosCalib-1,0),1)+1),"") -> 25.048 | AA56: =IFERROR(INDEX($N$31:$N$39,MATCH(AA$42,$N$31:OFFSET($N$31,NumPuntosCalib-1,0),1)+1),"") -> 25.048 | AB56: =IFERROR(INDEX($N$31:$N$39,MATCH(AB$42,$N$31:OFFSET($N$31,NumPuntosCalib-1,0),1)+1),"") -> 25.048 | AC56: =IFERROR(INDEX($N$31:$N$39,MATCH(AC$42,$N$31:OFFSET($N$31,NumPuntosCalib-1,0),1)+1),"") -> 25.048 | ... AE56: =IFERROR(INDEX($N$31:$N$39,MATCH(AE$42,$N$31:OFFSET($N$31,NumPuntosCalib-1,0),1)+1),"") -> 25.048
U57: y2 | V57: =IFERROR(INDEX($Q$31:$Q$39,MATCH(V$42,$N$31:OFFSET($N$31,NumPuntosCalib-1,0),1)+1),"") -> 0.02 | W57: =IFERROR(INDEX($Q$31:$Q$39,MATCH(W$42,$N$31:OFFSET($N$31,NumPuntosCalib-1,0),1)+1),"") -> 0.02 | X57: =IFERROR(INDEX($Q$31:$Q$39,MATCH(X$42,$N$31:OFFSET($N$31,NumPuntosCalib-1,0),1)+1),"") -> 0.02 | Y57: =IFERROR(INDEX($Q$31:$Q$39,MATCH(Y$42,$N$31:OFFSET($N$31,NumPuntosCalib-1,0),1)+1),"") -> 0.02 | Z57: =IFERROR(INDEX($Q$31:$Q$39,MATCH(Z$42,$N$31:OFFSET($N$31,NumPuntosCalib-1,0),1)+1),"") -> 0.02 | AA57: =IFERROR(INDEX($Q$31:$Q$39,MATCH(AA$42,$N$31:OFFSET($N$31,NumPuntosCalib-1,0),1)+1),"") -> 0.02 | AB57: =IFERROR(INDEX($Q$31:$Q$39,MATCH(AB$42,$N$31:OFFSET($N$31,NumPuntosCalib-1,0),1)+1),"") -> 0.02 | AC57: =IFERROR(INDEX($Q$31:$Q$39,MATCH(AC$42,$N$31:OFFSET($N$31,NumPuntosCalib-1,0),1)+1),"") -> 0.02 | ... AE57: =IFERROR(INDEX($Q$31:$Q$39,MATCH(AE$42,$N$31:OFFSET($N$31,NumPuntosCalib-1,0),1)+1),"") -> 0.02
U58: y | V58: =IFERROR(V55+(V53-V54)*(V57-V55)/(V56-V54),"") -> 0.001013644 | W58: =IFERROR(W55+(W53-W54)*(W57-W55)/(W56-W54),"") -> 0.001013644 | X58: =IFERROR(X55+(X53-X54)*(X57-X55)/(X56-X54),"") -> 0.001013644 | Y58: =IFERROR(Y55+(Y53-Y54)*(Y57-Y55)/(Y56-Y54),"") -> 0.001013644 | Z58: =IFERROR(Z55+(Z53-Z54)*(Z57-Z55)/(Z56-Z54),"") -> 0.001013644 | AA58: =IFERROR(AA55+(AA53-AA54)*(AA57-AA55)/(AA56-AA54),"") -> 0.001013644 | AB58: =IFERROR(AB55+(AB53-AB54)*(AB57-AB55)/(AB56-AB54),"") -> 0.001013644 | AC58: =IFERROR(AC55+(AC53-AC54)*(AC57-AC55)/(AC56-AC54),"") -> 0.001013644 | ... AE58: =IFERROR(AE55+(AE53-AE54)*(AE57-AE55)/(AE56-AE54),"") -> 0.001013644
AJ96: NI-MCPT-37
AJ97: NI-MCPT-38
AJ98: NI-MCPT-41
AJ100: Unidades
AJ101: K
AJ102: °C
AJ103: °F
AJ105: Sensor
AJ106: RTD
AJ107: TC
AJ108: Bimetal
AJ109: Termistor
... AJ112: No

Sheet Datos Etiqueta
B2: Equipo | C2: Fecha de Calibración | D2: Identificación del Equipo | E2: Código del Certificado
B3: =TermometroTipo -> 0 | C3: =CertDate -> 44964 | D3: =TermometroCode -> 0 | E3: =CertNum -> NI-MC-T-1325-2023

Sheet DA °C (3 ptos)
A8: Identificación del certificado: | N8: =General!F3 -> NI-MC-T-1325-2023
A9: Código de servicio: | N9: =General!F4 -> NI-CS-0063-23
A10: Fecha de calibración: | N10: =General!F5 -> 44964
A11: Fecha de emisión del certificado: | N11: =NOW() -> 46188.488
A12: Objeto de calibración: | N12: =General!F7 -> 0
A13: Fabricante/Marca: | N13: =General!F8 -> 0
A14: Serie: | N14: =General!F10 -> 0
A15: Modelo: | N15: =General!F9 -> 0
A16: Rango de medida: | N16: =General!F11 -> 0
A17: Resolución: | N17: =General!F12 -> 0
A18: Código de identificación: | N18: =General!F6 -> 0
A19: Solicitante: | N19: =General!L3 -> Agricola Nicavista
A20: Dirección del solicitante: | N20: =General!L4 -> Ciudad Rama, Atlántico Sur, Nicaragua
A21: Lugar de calibración: | N21: =General!L5 -> Laboratorio
A23: Resultados de la calibración
D25: Tabla de resultados de la calibración
D26: Temperatura de referencia | F26: Indicación del Termómetro | L26: Corrección | R26: Incertidumbre expandida K = 2
D28: =Calibración!C31 -> °C | F28: =Calibración!D31 -> °C | L28: =Calibración!E31 -> °C | R28: =Calibración!F31 -> °C
D29: =FIXED(Calibración!C32,decim) -> 0.0 | F29: =FIXED(Calibración!D32,decim) -> 0.0 | L29: =FIXED(Calibración!E32,decim) -> 0.0 | R29: =FIXED(Calibración!F32,decim+1) -> 0.12
D30: =FIXED(Calibración!C33,decim) -> 0.0 | F30: =FIXED(Calibración!D33,decim) -> 0.0 | L30: =FIXED(Calibración!E33,decim) -> 0.0 | R30: =FIXED(Calibración!F33,decim+1) -> 0.12
D31: =FIXED(Calibración!C34,decim) -> 0.0 | F31: =FIXED(Calibración!D34,decim) -> 0.0 | L31: =FIXED(Calibración!E34,decim) -> 0.0 | R31: =FIXED(Calibración!F34,decim+1) -> 0.12
A33: Condiciones ambientales
B34: Temperatura: | E34: =CertTempC -> 0 | F34: °C ± | G34: =CertTempIncerti -> #N/A | H34: °C
B35: Humedad relativa: | E35: =CertHR -> 0 | F35: % ± | G35: =CertHRIncerti -> #N/A | H35: %
A37: Método de calibración
A38: Las pruebas se realizaron según NI-MCIT-T-01 Instrucción para calibración de termómetros.
A40: Incertidumbre de los datos
A41: La incertidumbre de las medición se obtuvo multiplicando la incertidumbre estándar combinada por un factor de cobertura k = 2, con el que se alcanza un nivel de confianza de al menos 95 %. La incertidumbre estándar de la medición se determinó conforme a la Guía para la Expresión de la Incertidumbre de la Medida, BIPM-IEC-IFCC-ISO-IUPAC-IUPAP-OIML, en la cual se toma en cuenta la incertidumbre de los patrones, del método de calibración, de las condiciones durante la calibración y del equipo sujeto a calibración.
A55: Identificación del certificado: | N55: =N8 -> NI-MC-T-1325-2023
A58: Descripción de patrones utilizados
A59: Descripción | E59: Marca | H59: Código | N59: Trazabilidad | X59: Próx.calibr.
A60: Higrotermometro | E60: =General!$I$5 -> #N/A | H60: =General!$I$4 -> 0 | N60: =VLOOKUP(H60,'BD Patron'!$C$6:$N$10,11,FALSE) -> #N/A | X60: =VLOOKUP(H60,'BD Patron'!$C$6:$N$10,10,FALSE)+1096 -> #N/A
A61: Barómetro
A62: =VLOOKUP(H62,'BD Patron'!$C$15:$U$24,2,FALSE) -> Baño de bloque seco | E62: =CONCATENATE(VLOOKUP(H62,'BD Patron'!$C$15:$U$24,3,FALSE), " ", VLOOKUP(H62,'BD Patron'!$C$15:$U$24,4,FALSE)) -> Fluke 9171 | H62: =Calibración!$S$4 -> NI-MCPT-37 | N62: =CONCATENATE(VLOOKUP(H62,'BD Patron'!$C$15:$U$24,18,FALSE), " ",VLOOKUP(H62,'BD Patron'!$C$15:$U$24,19,FALSE)) -> SCM Metrología y Laboratorios 20180507-28-1 | X62: =VLOOKUP(H62,'BD Patron'!$C$15:$U$24,17,FALSE)+365 -> 43595
A63: =VLOOKUP(H63,'BD Patron'!$C$16:$Q$25,2,FALSE) -> Termómetro Digital | E63: =CONCATENATE(VLOOKUP(H63,'BD Patron'!$C$16:$Q$25,3,FALSE), " ", VLOOKUP(H63,'BD Patron'!$C$16:$Q$25,4,FALSE)) -> AccuMac/Fluke 5627A | H63: =Calibración!$J$5 -> NI-MCPT-05 | N63: =CONCATENATE(VLOOKUP(H63,'BD Patron'!$C$15:$U$24,18,FALSE), " ",VLOOKUP(H63,'BD Patron'!$C$15:$U$24,19,FALSE)) -> SCM Metrología y Laboratorios SCM-00039472 | X63: =VLOOKUP(H63,'BD Patron'!$C$15:$U$24,17,FALSE)+1096 -> 45935
A68: Observaciones
A69: Es responsabilidad del encargado del instrumento establecer la frecuencia del servicio de calibración.
A70: ='[4]Salida de Datos'!$F$8 -> La corrección corresponde al valor del patrón menos las indicación del equipo.
A71: ='[4]Salida de Datos'!$F$9 -> La indicación de temperatura de referencia y del equipo, corresponden al promedio de 3 mediciones .
A72: Los resultados emitidos en este certificado corresponden únicamente al objeto calibrado y a las magnitudes
A73: especificadas al momento de realizar el servicio.
A74: Este certificado de calibración no debe ser reproducido sin la aprobación del laboratorio, excepto cuando se
A75: reproduce en su totalidad.
L80: Ing. Fredman A. Méndez M.
I81: Director Técnico
L82: Nulo sin sello y firma
L85: .................Fin del certificado................

Sheet DA Unidad-K (5 ptos)
A8: Identificación del certificado: | N8: =General!F3 -> NI-MC-T-1325-2023
A9: Código de servicio: | N9: =General!F4 -> NI-CS-0063-23
A10: Fecha de calibración: | N10: =General!F5 -> 44964
A11: Fecha de emisión del certificado: | N11: =NOW() -> 46188.488
A12: Objeto de calibración: | N12: =General!F7 -> 0
A13: Fabricante/Marca: | N13: =General!F8 -> 0
A14: Serie: | N14: =General!F10 -> 0
A15: Modelo: | N15: =General!F9 -> 0
A16: Rango de medida: | N16: =General!F11 -> 0
A17: Resolución: | N17: =General!F12 -> 0
A18: Código de identificación: | N18: =General!F6 -> 0
A19: Solicitante: | N19: =General!L3 -> Agricola Nicavista
A20: Dirección del solicitante: | N20: =General!L4 -> Ciudad Rama, Atlántico Sur, Nicaragua
A21: Lugar de calibración: | N21: =General!L5 -> Laboratorio
A23: Resultados de la calibración
D25: Tabla de resultados de la calibración
D26: Temperatura de referencia | F26: Indicación del Termómetro | L26: Corrección | R26: Incertidumbre expandida K = 2
D28: =Calibración!C31 -> °C | F28: =Calibración!D31 -> °C | L28: =Calibración!E31 -> °C | R28: =Calibración!F31 -> °C
D29: =IFERROR(FIXED(Calibración!C32,decim+2),"") -> -0.002 | F29: =IFERROR(FIXED(Calibración!D32,decim + 2),"") -> 0.000 | L29: =IFERROR(FIXED(Calibración!E32,decim + 2),"") -> -0.002 | R29: =IFERROR(IF(D29="","",FIXED(Calibración!F32,decim+5)),"") -> 0.119601
D30: =IFERROR(FIXED(Calibración!C33,decim+2),"") -> -0.002 | F30: =IFERROR(FIXED(Calibración!D33,decim + 2),"") -> 0.000 | L30: =IFERROR(FIXED(Calibración!E33,decim + 2),"") -> -0.002 | R30: =IFERROR(IF(D30="","",FIXED(Calibración!F33,decim+5)),"") -> 0.119601
D31: =IFERROR(FIXED(Calibración!C34,decim+2),"") -> -0.002 | F31: =IFERROR(FIXED(Calibración!D34,decim + 2),"") -> 0.000 | L31: =IFERROR(FIXED(Calibración!E34,decim + 2),"") -> -0.002 | R31: =IFERROR(IF(D31="","",FIXED(Calibración!F34,decim+5)),"") -> 0.119601
D32: =IFERROR(FIXED(Calibración!C35,decim+2),"") -> -0.002 | F32: =IFERROR(FIXED(Calibración!D35,decim + 2),"") -> 0.000 | L32: =IFERROR(FIXED(Calibración!E35,decim + 2),"") -> -0.002 | R32: =IFERROR(IF(D32="","",FIXED(Calibración!F35,decim+5)),"") -> 0.119601
D33: =IFERROR(FIXED(Calibración!C36,decim+2),"") -> -0.002 | F33: =IFERROR(FIXED(Calibración!D36,decim + 2),"") -> 0.000 | L33: =IFERROR(FIXED(Calibración!E36,decim + 2),"") -> -0.002 | R33: =IFERROR(IF(D33="","",FIXED(Calibración!F36,decim+5)),"") -> 0.119601
D34: =IFERROR(FIXED(Calibración!C37,decim+2),"") -> -0.002 | F34: =IFERROR(FIXED(Calibración!D37,decim + 2),"") -> 0.000 | L34: =IFERROR(FIXED(Calibración!E37,decim + 2),"") -> -0.002 | R34: =IFERROR(IF(D34="","",FIXED(Calibración!F37,decim+5)),"") -> 0.119601
D35: =IFERROR(FIXED(Calibración!C38,decim+2),"") -> -0.002 | F35: =IFERROR(FIXED(Calibración!D38,decim + 2),"") -> 0.000 | L35: =IFERROR(FIXED(Calibración!E38,decim + 2),"") -> -0.002 | R35: =IFERROR(IF(D35="","",FIXED(Calibración!F38,decim+5)),"") -> 0.119601
D36: =IFERROR(FIXED(Calibración!C39,decim+2),"") -> -0.002 | F36: =IFERROR(FIXED(Calibración!D39,decim + 2),"") -> 0.000 | L36: =IFERROR(FIXED(Calibración!E39,decim + 2),"") -> -0.002 | R36: =IFERROR(IF(D36="","",FIXED(Calibración!F39,decim+5)),"") -> 0.119601
D37: =IFERROR(FIXED(Calibración!C40,decim+2),"") -> -0.002 | F37: =IFERROR(FIXED(Calibración!D40,decim + 2),"") -> 0.000 | L37: =IFERROR(FIXED(Calibración!E40,decim + 2),"") -> -0.002 | R37: =IFERROR(IF(D37="","",FIXED(Calibración!F40,decim+5)),"") -> 0.119601
D38: =IFERROR(FIXED(Calibración!C41,decim+2),"") -> -0.002 | F38: =IFERROR(FIXED(Calibración!D41,decim + 2),"") -> 0.000 | L38: =IFERROR(FIXED(Calibración!E41,decim + 2),"") -> -0.002 | R38: =IFERROR(IF(D38="","",FIXED(Calibración!F41,decim+5)),"") -> 0.119601
A57: Resultados en Unidad del Sistema Internacional de Unidades
D59: Tabla de resultados de la calibración
D60: Temperatura de referencia | F60: Indicación del Termómetro | L60: Corrección | R60: Incertidumbre expandida K = 2
D62: K | F62: K | L62: K | R62: K
D63: =IFERROR(D29+273.15,"") -> 273.148 | F63: =IFERROR(F29+273.15,"") -> 273.15 | L63: =IFERROR(L29+273.15,"") -> 273.148 | R63: =IFERROR(FIXED(R29+273.15,decim+5),"") -> 273.269601
D64: =IFERROR(D30+273.15,"") -> 273.148 | F64: =IFERROR(F30+273.15,"") -> 273.15 | L64: =IFERROR(L30+273.15,"") -> 273.148 | R64: =IFERROR(FIXED(R30+273.15,decim+5),"") -> 273.269601
D65: =IFERROR(D31+273.15,"") -> 273.148 | F65: =IFERROR(F31+273.15,"") -> 273.15 | L65: =IFERROR(L31+273.15,"") -> 273.148 | R65: =IFERROR(FIXED(R31+273.15,decim+5),"") -> 273.269601
D66: =IFERROR(D32+273.15,"") -> 273.148 | F66: =IFERROR(F32+273.15,"") -> 273.15 | L66: =IFERROR(L32+273.15,"") -> 273.148 | R66: =IFERROR(FIXED(R32+273.15,decim+5),"") -> 273.269601
D67: =IFERROR(D33+273.15,"") -> 273.148 | F67: =IFERROR(F33+273.15,"") -> 273.15 | L67: =IFERROR(L33+273.15,"") -> 273.148 | R67: =IFERROR(FIXED(R33+273.15,decim+5),"") -> 273.269601
D68: =IFERROR(D34+273.15,"") -> 273.148 | F68: =IFERROR(F34+273.15,"") -> 273.15 | L68: =IFERROR(L34+273.15,"") -> 273.148 | R68: =IFERROR(FIXED(R34+273.15,decim+5),"") -> 273.269601
D69: =IFERROR(D35+273.15,"") -> 273.148 | F69: =IFERROR(F35+273.15,"") -> 273.15 | L69: =IFERROR(L35+273.15,"") -> 273.148 | R69: =IFERROR(FIXED(R35+273.15,decim+5),"") -> 273.269601
D70: =IFERROR(D36+273.15,"") -> 273.148 | F70: =IFERROR(F36+273.15,"") -> 273.15 | L70: =IFERROR(L36+273.15,"") -> 273.148 | R70: =IFERROR(FIXED(R36+273.15,decim+5),"") -> 273.269601
D71: =IFERROR(D37+273.15,"") -> 273.148 | F71: =IFERROR(F37+273.15,"") -> 273.15 | L71: =IFERROR(L37+273.15,"") -> 273.148 | R71: =IFERROR(FIXED(R37+273.15,decim+5),"") -> 273.269601
D72: =IFERROR(D38+273.15,"") -> 273.148 | F72: =IFERROR(F38+273.15,"") -> 273.15 | L72: =IFERROR(L38+273.15,"") -> 273.148 | R72: =IFERROR(FIXED(R38+273.15,decim+5),"") -> 273.269601
D73: =IFERROR(D39+273.15,"") -> 273.15 | F73: =IFERROR(F39+273.15,"") -> 273.15 | L73: =IFERROR(L39+273.15,"") -> 273.15 | R73: =IFERROR(FIXED(R39+273.15,decim+5),"") -> 273.150000
A74: =CONCATENATE("Condiciones ambientales (Higrotermómetro ", General!$I$4, ")") -> Condiciones ambientales (Higrotermómetro 0)
B75: Temperatura: | E75: =CertTempC -> 0 | F75: °C ± | G75: =CertTempIncerti -> #N/A | H75: °C
B76: Humedad relativa: | E76: =CertHR -> 0 | F76: % ± | G76: =CertHRIncerti -> #N/A | H76: %
A86: Identificación del certificado: | N86: =N8 -> NI-MC-T-1325-2023
A89: Método de calibración
A90: Las pruebas se realizaron según NI-MCIT-T-01 Instrucción para calibración de termómetros.
A92: Incertidumbre de los datos
A93: La incertidumbre de las medición se obtuvo multiplicando la incertidumbre estándar combinada por un factor de cobertura k = 2, con el que se alcanza un nivel de confianza de al menos 95 %. La incertidumbre estándar de la medición se determinó conforme a la Guía para la Expresión de la Incertidumbre de la Medida, BIPM-IEC-IFCC-ISO-IUPAC-IUPAP-OIML, en la cual se toma en cuenta la incertidumbre de los patrones, del método de calibración, de las condiciones durante la calibración y del equipo sujeto a calibración.
A99: Descripción de patrones utilizados
A100: Descripción | E100: Marca | H100: Código | N100: Trazabilidad | X100: Próx.calibr.
A101: Higrotermometro | E101: =General!$I$5 -> #N/A | H101: =General!$I$4 -> 0 | N101: =VLOOKUP(H101,'BD Patron'!$C$6:$N$10,11,FALSE) -> #N/A | X101: =VLOOKUP(H101,'BD Patron'!$C$6:$N$10,10,FALSE)+731 -> #N/A
A102: Barómetro
A103: =VLOOKUP(H103,'BD Patron'!$C$15:$U$24,2,FALSE) -> Baño de bloque seco | E103: =CONCATENATE(VLOOKUP(H103,'BD Patron'!$C$15:$U$24,3,FALSE), " ", VLOOKUP(H103,'BD Patron'!$C$15:$U$24,4,FALSE)) -> Fluke 9171 | H103: =Calibración!$S$4 -> NI-MCPT-37 | N103: =CONCATENATE(VLOOKUP(H103,'BD Patron'!$C$15:$U$24,18,FALSE), " ",VLOOKUP(H103,'BD Patron'!$C$15:$U$24,19,FALSE)) -> SCM Metrología y Laboratorios 20180507-28-1 | X103: =VLOOKUP(H103,'BD Patron'!$C$15:$U$24,17,FALSE)+365 -> 43595
A104: =VLOOKUP(H104,'BD Patron'!$C$16:$Q$25,2,FALSE) -> Termómetro Digital | E104: =CONCATENATE(VLOOKUP(H104,'BD Patron'!$C$16:$Q$25,3,FALSE), " ", VLOOKUP(H104,'BD Patron'!$C$16:$Q$25,4,FALSE)) -> AccuMac/Fluke 5627A | H104: =Calibración!$J$5 -> NI-MCPT-05 | N104: =CONCATENATE(VLOOKUP(H104,'BD Patron'!$C$15:$U$24,18,FALSE), " ",VLOOKUP(H104,'BD Patron'!$C$15:$U$24,19,FALSE)) -> SCM Metrología y Laboratorios SCM-00039472 | X104: =VLOOKUP(H104,'BD Patron'!$C$15:$U$24,17,FALSE)+365 -> 45204
A106: Observaciones
A107: Es responsabilidad del encargado del instrumento establecer la frecuencia del servicio de calibración.
A108: ='[4]Salida de Datos'!$F$8 -> La corrección corresponde al valor del patrón menos las indicación del equipo.
A109: ='[4]Salida de Datos'!$F$9 -> La indicación de temperatura de referencia y del equipo, corresponden al promedio de 3 mediciones .
A110: ='[4]Salida de Datos'!$F$10 -> El factor de conversión al SI corresponde a T(K) = t(°C) + 273,15
A111: ='[4]Salida de Datos'!$F$11 -> De acuerdo a lo establecido en NTON 07-004-01 Norma Metrológica del Sistema Internacional de Unidades (SI).
A112: Los resultados emitidos en este certificado corresponden únicamente al objeto calibrado y a las magnitudes
A113: especificadas al momento de realizar el servicio.
A114: Este certificado de calibración no debe ser reproducido sin la aprobación del laboratorio, excepto cuando se
A115: reproduce en su totalidad.
I119: Ing. Fredman A. Méndez M.
I120: Director Técnico
I121: Nulo sin sello y firma
I123: .................Fin del certificado................

Sheet DA Unidad-ºF to ºC (5 ptos)
A8: Identificación del certificado: | N8: =General!F3 -> NI-MC-T-1325-2023
A9: Código de servicio: | N9: =General!F4 -> NI-CS-0063-23
A10: Fecha de calibración: | N10: =General!F5 -> 44964
A11: Fecha de emisión del certificado: | N11: =NOW() -> 46188.488
A12: Objeto de calibración: | N12: =General!F7 -> 0
A13: Fabricante/Marca: | N13: =General!F8 -> 0
A14: Serie: | N14: =General!F10 -> 0
A15: Modelo: | N15: =General!F9 -> 0
A16: Rango de medida: | N16: =General!F11 -> 0
A17: Resolución: | N17: =General!F12 -> 0
A18: Código de identificación: | N18: =General!F6 -> 0
A19: Solicitante: | N19: =General!L3 -> Agricola Nicavista
A20: Dirección del solicitante: | N20: =General!L4 -> Ciudad Rama, Atlántico Sur, Nicaragua
A21: Lugar de calibración: | N21: =General!L5 -> Laboratorio
A23: Resultados de la calibración
D25: Tabla de resultados de la calibración
D26: Temperatura de referencia | F26: Indicación del Termómetro | L26: Corrección | R26: Incertidumbre expandida K = 2
D28: =Calibración!C31 -> °C | F28: =Calibración!D31 -> °C | L28: =Calibración!E31 -> °C | R28: =Calibración!F31 -> °C
D29: =IFERROR(FIXED(Calibración!C32,decim+1),"") -> 0.00 | F29: =IFERROR(FIXED(Calibración!D32,decim),"") -> 0.0 | L29: =IFERROR(FIXED(Calibración!E32,decim),"") -> 0.0 | R29: =IFERROR(IF(D29="","",FIXED(Calibración!F32,decim+1)),"") -> 0.12
D30: =IFERROR(FIXED(Calibración!C33,decim+1),"") -> 0.00 | F30: =IFERROR(FIXED(Calibración!D33,decim),"") -> 0.0 | L30: =IFERROR(FIXED(Calibración!E33,decim),"") -> 0.0 | R30: =IFERROR(IF(D30="","",FIXED(Calibración!F33,decim+1)),"") -> 0.12
D31: =IFERROR(FIXED(Calibración!C34,decim+1),"") -> 0.00 | F31: =IFERROR(FIXED(Calibración!D34,decim),"") -> 0.0 | L31: =IFERROR(FIXED(Calibración!E34,decim),"") -> 0.0 | R31: =IFERROR(IF(D31="","",FIXED(Calibración!F34,decim+1)),"") -> 0.12
D32: =IFERROR(FIXED(Calibración!C35,decim+1),"") -> 0.00 | F32: =IFERROR(FIXED(Calibración!D35,decim),"") -> 0.0 | L32: =IFERROR(FIXED(Calibración!E35,decim),"") -> 0.0 | R32: =IFERROR(IF(D32="","",FIXED(Calibración!F35,decim+1)),"") -> 0.12
D33: =IFERROR(FIXED(Calibración!C36,decim+1),"") -> 0.00 | F33: =IFERROR(FIXED(Calibración!D36,decim),"") -> 0.0 | L33: =IFERROR(FIXED(Calibración!E36,decim),"") -> 0.0 | R33: =IFERROR(IF(D33="","",FIXED(Calibración!F36,decim+1)),"") -> 0.12
D34: =IFERROR(FIXED(Calibración!C37,decim+1),"") -> 0.00 | F34: =IFERROR(FIXED(Calibración!D37,decim),"") -> 0.0 | L34: =IFERROR(FIXED(Calibración!E37,decim),"") -> 0.0 | R34: =IFERROR(IF(D34="","",FIXED(Calibración!F37,decim+1)),"") -> 0.12
D35: =IFERROR(FIXED(Calibración!C38,decim+1),"") -> 0.00 | F35: =IFERROR(FIXED(Calibración!D38,decim),"") -> 0.0 | L35: =IFERROR(FIXED(Calibración!E38,decim),"") -> 0.0 | R35: =IFERROR(IF(D35="","",FIXED(Calibración!F38,decim+1)),"") -> 0.12
D36: =IFERROR(FIXED(Calibración!C39,decim+1),"") -> 0.00 | F36: =IFERROR(FIXED(Calibración!D39,decim),"") -> 0.0 | L36: =IFERROR(FIXED(Calibración!E39,decim),"") -> 0.0 | R36: =IFERROR(IF(D36="","",FIXED(Calibración!F39,decim+1)),"") -> 0.12
D37: =IFERROR(FIXED(Calibración!C40,decim+1),"") -> 0.00 | F37: =IFERROR(FIXED(Calibración!D40,decim),"") -> 0.0 | L37: =IFERROR(FIXED(Calibración!E40,decim),"") -> 0.0 | R37: =IFERROR(IF(D37="","",FIXED(Calibración!F40,decim+1)),"") -> 0.12
D38: =IFERROR(FIXED(Calibración!C41,decim+1),"") -> 0.00 | F38: =IFERROR(FIXED(Calibración!D41,decim),"") -> 0.0 | L38: =IFERROR(FIXED(Calibración!E41,decim),"") -> 0.0 | R38: =IFERROR(IF(D38="","",FIXED(Calibración!F41,decim+1)),"") -> 0.12
D39: =IFERROR(FIXED(Calibración!C42,decim+1),"") -> 0.00 | F39: =IFERROR(FIXED(Calibración!D42,decim),"") -> 0.0 | L39: =IFERROR(FIXED(Calibración!E42,decim),"") -> 0.0 | R39: =IFERROR(IF(D39="","",FIXED(Calibración!F42,decim+1)),"") -> 0.00
D40: =IFERROR(FIXED(Calibración!C43,decim+1),"") | F40: =IFERROR(FIXED(Calibración!D43,decim),"") -> 0.0 | L40: =IFERROR(FIXED(Calibración!E43,decim),"") -> 0.0 | R40: =IFERROR(IF(D40="","",FIXED(Calibración!F43,decim+1)),"")
A50: Resultados en Unidad del Alcance de Acreditación
D59: Tabla de resultados de la calibración
D60: Temperatura de referencia | F60: Indicación del Termómetro | L60: Corrección | R60: Incertidumbre expandida K = 2
D62: ºC | F62: ºC | L62: ºC | R62: ºC
D63: =CONVERT(D29,"F","C") -> -17.777778 | F63: =CONVERT(F29,"F","C") -> -17.777778 | H63: =CONVERT(H29,"F","C") -> -17.777778 | J63: =CONVERT(J29,"F","C") -> -17.777778 | L63: =F63-D63 -> 0 | R63: =R29/1.8 -> 0.066666667
D64: =CONVERT(D30,"F","C") -> -17.777778 | F64: =CONVERT(F30,"F","C") -> -17.777778 | H64: =CONVERT(H30,"F","C") -> -17.777778 | J64: =CONVERT(J30,"F","C") -> -17.777778 | L64: =F64-D64 -> 0 | R64: =R30/1.8 -> 0.066666667
D65: =CONVERT(D31,"F","C") -> -17.777778 | F65: =CONVERT(F31,"F","C") -> -17.777778 | H65: =CONVERT(H31,"F","C") -> -17.777778 | J65: =CONVERT(J31,"F","C") -> -17.777778 | L65: =F65-D65 -> 0 | R65: =R31/1.8 -> 0.066666667
D66: =CONVERT(D32,"F","C") -> -17.777778 | F66: =CONVERT(F32,"F","C") -> -17.777778 | H66: =CONVERT(H32,"F","C") -> -17.777778 | J66: =CONVERT(J32,"F","C") -> -17.777778 | L66: =F66-D66 -> 0 | R66: =R32/1.8 -> 0.066666667
D67: =CONVERT(D33,"F","C") -> -17.777778 | F67: =CONVERT(F33,"F","C") -> -17.777778 | H67: =CONVERT(H33,"F","C") -> -17.777778 | J67: =CONVERT(J33,"F","C") -> -17.777778 | L67: =F67-D67 -> 0 | R67: =R33/1.8 -> 0.066666667
D68: =CONVERT(D34,"F","C") -> -17.777778 | F68: =CONVERT(F34,"F","C") -> -17.777778 | H68: =CONVERT(H34,"F","C") -> -17.777778 | J68: =CONVERT(J34,"F","C") -> -17.777778 | L68: =F68-D68 -> 0 | R68: =R34/1.8 -> 0.066666667
D69: =CONVERT(D35,"F","C") -> -17.777778 | F69: =CONVERT(F35,"F","C") -> -17.777778 | H69: =CONVERT(H35,"F","C") -> -17.777778 | J69: =CONVERT(J35,"F","C") -> -17.777778 | L69: =F69-D69 -> 0 | R69: =R35/1.8 -> 0.066666667
D70: =CONVERT(D36,"F","C") -> -17.777778 | F70: =CONVERT(F36,"F","C") -> -17.777778 | H70: =CONVERT(H36,"F","C") -> -17.777778 | J70: =CONVERT(J36,"F","C") -> -17.777778 | L70: =F70-D70 -> 0 | R70: =R36/1.8 -> 0.066666667
D71: =CONVERT(D37,"F","C") -> -17.777778 | F71: =CONVERT(F37,"F","C") -> -17.777778 | H71: =CONVERT(H37,"F","C") -> -17.777778 | J71: =CONVERT(J37,"F","C") -> -17.777778 | L71: =F71-D71 -> 0 | R71: =R37/1.8 -> 0.066666667
D72: =CONVERT(D38,"F","C") -> -17.777778 | F72: =CONVERT(F38,"F","C") -> -17.777778 | H72: =CONVERT(H38,"F","C") -> -17.777778 | J72: =CONVERT(J38,"F","C") -> -17.777778 | L72: =F72-D72 -> 0 | R72: =R38/1.8 -> 0.066666667
D73: =CONVERT(D39,"F","C") -> -17.777778 | F73: =CONVERT(F39,"F","C") -> -17.777778 | H73: =CONVERT(H39,"F","C") -> -17.777778 | J73: =CONVERT(J39,"F","C") -> -17.777778 | L73: =F73-D73 -> 0 | R73: =R39/1.8 -> 0
A74: =CONCATENATE("Condiciones ambientales (Higrotermómetro ", General!$I$4, ")") -> Condiciones ambientales (Higrotermómetro 0)
B75: Temperatura: | E75: =CertTempC -> 23.3 | F75: °C ± | G75: =CertTempIncerti -> 0.42 | H75: °C
B76: Humedad relativa: | E76: =CertHR -> 57 | F76: % ± | G76: =CertHRIncerti -> 1.3 | H76: %
A85: Identificación del certificado: | N85: =N8 -> NI-MC-T-1325-2023
A88: Método de calibración
A89: Las pruebas se realizaron según NI-MCIT-T-01 Instrucción para calibración de termómetros.
A91: Incertidumbre de los datos
A92: La incertidumbre de las medición se obtuvo multiplicando la incertidumbre estándar combinada por un factor de cobertura k = 2, con el que se alcanza un nivel de confianza de al menos 95 %. La incertidumbre estándar de la medición se determinó conforme a la Guía para la Expresión de la Incertidumbre de la Medida, BIPM-IEC-IFCC-ISO-IUPAC-IUPAP-OIML, en la cual se toma en cuenta la incertidumbre de los patrones, del método de calibración, de las condiciones durante la calibración y del equipo sujeto a calibración.
A98: Descripción de patrones utilizados
A99: Descripción | E99: Marca | H99: Código | N99: Trazabilidad | X99: Próx.calibr.
A100: Higrotermometro | E100: =General!$I$5 -> #N/A | H100: =General!$I$4 -> 0 | N100: =VLOOKUP(H100,'BD Patron'!$C$6:$N$10,11,FALSE) -> #N/A | X100: =VLOOKUP(H100,'BD Patron'!$C$6:$N$10,10,FALSE)+731 -> #N/A
A101: Barómetro
A102: =VLOOKUP(H102,'BD Patron'!$C$15:$U$24,2,FALSE) -> Baño de bloque seco | E102: =CONCATENATE(VLOOKUP(H102,'BD Patron'!$C$15:$U$24,3,FALSE), " ", VLOOKUP(H102,'BD Patron'!$C$15:$U$24,4,FALSE)) -> Fluke 9171 | H102: =Calibración!$S$4 -> NI-MCPT-37 | N102: =CONCATENATE(VLOOKUP(H102,'BD Patron'!$C$15:$U$24,18,FALSE), " ",VLOOKUP(H102,'BD Patron'!$C$15:$U$24,19,FALSE)) -> SCM Metrología y Laboratorios 20180507-28-1 | X102: =VLOOKUP(H102,'BD Patron'!$C$15:$U$24,17,FALSE)+365 -> 43595
A103: =VLOOKUP(H103,'BD Patron'!$C$16:$Q$25,2,FALSE) -> Termómetro Digital | E103: =CONCATENATE(VLOOKUP(H103,'BD Patron'!$C$16:$Q$25,3,FALSE), " ", VLOOKUP(H103,'BD Patron'!$C$16:$Q$25,4,FALSE)) -> AccuMac/Fluke 5627A | H103: =Calibración!$J$5 -> NI-MCPT-05 | N103: =CONCATENATE(VLOOKUP(H103,'BD Patron'!$C$15:$U$24,18,FALSE), " ",VLOOKUP(H103,'BD Patron'!$C$15:$U$24,19,FALSE)) -> SCM Metrología y Laboratorios SCM-00039472 | X103: =VLOOKUP(H103,'BD Patron'!$C$15:$U$24,17,FALSE)+365 -> 45204
A105: Observaciones
A106: Es responsabilidad del encargado del instrumento establecer la frecuencia del servicio de calibración.
A107: ='[4]Salida de Datos'!$F$8 -> La corrección corresponde al valor del patrón menos las indicación del equipo.
A108: ='[4]Salida de Datos'!$F$9 -> La indicación de temperatura de referencia y del equipo, corresponden al promedio de 3 mediciones .
A109: El factor de conversión utilizado corresponde a T(ºC) = (t(ºF)-32)/1,8; para el caso de la incertidumbre solamente es
A110: T(ºF) = t(ºC)*1,8
A111: ='[4]Salida de Datos'!$F$11 -> De acuerdo a lo establecido en NTON 07-004-01 Norma Metrológica del Sistema Internacional de Unidades (SI).
A112: Los resultados emitidos en este certificado corresponden únicamente al objeto calibrado y a las magnitudes
A113: especificadas al momento de realizar el servicio.
A114: Este certificado de calibración no debe ser reproducido sin la aprobación del laboratorio, excepto cuando se
A115: reproduce en su totalidad.
I119: Ing. Fredman A. Méndez M.
I120: Director Técnico
I121: Nulo sin sello y firma
I122: .................Fin del certificado................

Sheet DA unidad ºC toºF
A8: Identificación del certificado: | N8: =General!F3 -> NI-MC-T-1325-2023
A9: Código de servicio: | N9: =General!F4 -> NI-CS-0063-23
A10: Fecha de calibración: | N10: =General!F5 -> 44964
A11: Fecha de emisión del certificado: | N11: =NOW() -> 46188.488
A12: Objeto de calibración: | N12: =General!F7 -> 0
A13: Fabricante/Marca: | N13: =General!F8 -> 0
A14: Serie: | N14: =General!F10 -> 0
A15: Modelo: | N15: =General!F9 -> 0
A16: Rango de medida: | N16: =General!F11 -> 0
A17: Resolución: | N17: =General!F12 -> 0
A18: Código de identificación: | N18: =General!F6 -> 0
A19: Solicitante: | N19: =General!L3 -> Agricola Nicavista
A20: Dirección del solicitante: | N20: =General!L4 -> Ciudad Rama, Atlántico Sur, Nicaragua
A21: Lugar de calibración: | N21: =General!L5 -> Laboratorio
A23: Resultados de la calibración
D25: Tabla de resultados de la calibración
D26: Temperatura de referencia | F26: Indicación del Termómetro | L26: Corrección | R26: Incertidumbre expandida K = 2
D28: =Calibración!C31 -> °C | F28: =Calibración!D31 -> °C | L28: =Calibración!E31 -> °C | R28: =Calibración!F31 -> °C
D29: =IFERROR(FIXED(Calibración!C32,decim+1),"") -> 0.00 | F29: =IFERROR(FIXED(Calibración!D32,decim),"") -> 0.0 | L29: =IFERROR(FIXED(Calibración!E32,decim),"") -> 0.0 | R29: =IFERROR(IF(D29="","",FIXED(Calibración!F32,decim+1)),"") -> 0.12
D30: =IFERROR(FIXED(Calibración!C33,decim+1),"") -> 0.00 | F30: =IFERROR(FIXED(Calibración!D33,decim),"") -> 0.0 | L30: =IFERROR(FIXED(Calibración!E33,decim),"") -> 0.0 | R30: =IFERROR(IF(D30="","",FIXED(Calibración!F33,decim+1)),"") -> 0.12
D31: =IFERROR(FIXED(Calibración!C34,decim+1),"") -> 0.00 | F31: =IFERROR(FIXED(Calibración!D34,decim),"") -> 0.0 | L31: =IFERROR(FIXED(Calibración!E34,decim),"") -> 0.0 | R31: =IFERROR(IF(D31="","",FIXED(Calibración!F34,decim+1)),"") -> 0.12
D32: =IFERROR(FIXED(Calibración!C35,decim+1),"") -> 0.00 | F32: =IFERROR(FIXED(Calibración!D35,decim),"") -> 0.0 | L32: =IFERROR(FIXED(Calibración!E35,decim),"") -> 0.0 | R32: =IFERROR(IF(D32="","",FIXED(Calibración!F35,decim+1)),"") -> 0.12
D33: =IFERROR(FIXED(Calibración!C36,decim+1),"") -> 0.00 | F33: =IFERROR(FIXED(Calibración!D36,decim),"") -> 0.0 | L33: =IFERROR(FIXED(Calibración!E36,decim),"") -> 0.0 | R33: =IFERROR(IF(D33="","",FIXED(Calibración!F36,decim+1)),"") -> 0.12
D34: =IFERROR(FIXED(Calibración!C37,decim+1),"") -> 0.00 | F34: =IFERROR(FIXED(Calibración!D37,decim),"") -> 0.0 | L34: =IFERROR(FIXED(Calibración!E37,decim),"") -> 0.0 | R34: =IFERROR(IF(D34="","",FIXED(Calibración!F37,decim+1)),"") -> 0.12
D35: =IFERROR(FIXED(Calibración!C38,decim+1),"") -> 0.00 | F35: =IFERROR(FIXED(Calibración!D38,decim),"") -> 0.0 | L35: =IFERROR(FIXED(Calibración!E38,decim),"") -> 0.0 | R35: =IFERROR(IF(D35="","",FIXED(Calibración!F38,decim+1)),"") -> 0.12
D36: =IFERROR(FIXED(Calibración!C39,decim+1),"") -> 0.00 | F36: =IFERROR(FIXED(Calibración!D39,decim),"") -> 0.0 | L36: =IFERROR(FIXED(Calibración!E39,decim),"") -> 0.0 | R36: =IFERROR(IF(D36="","",FIXED(Calibración!F39,decim+1)),"") -> 0.12
D37: =IFERROR(FIXED(Calibración!C40,decim+1),"") -> 0.00 | F37: =IFERROR(FIXED(Calibración!D40,decim),"") -> 0.0 | L37: =IFERROR(FIXED(Calibración!E40,decim),"") -> 0.0 | R37: =IFERROR(IF(D37="","",FIXED(Calibración!F40,decim+1)),"") -> 0.12
D38: =IFERROR(FIXED(Calibración!C41,decim+1),"") -> 0.00 | F38: =IFERROR(FIXED(Calibración!D41,decim),"") -> 0.0 | L38: =IFERROR(FIXED(Calibración!E41,decim),"") -> 0.0 | R38: =IFERROR(IF(D38="","",FIXED(Calibración!F41,decim+1)),"") -> 0.12
D39: =IFERROR(FIXED(Calibración!C42,decim+1),"") -> 0.00 | F39: =IFERROR(FIXED(Calibración!D42,decim),"") -> 0.0 | L39: =IFERROR(FIXED(Calibración!E42,decim),"") -> 0.0 | R39: =IFERROR(IF(D39="","",FIXED(Calibración!F42,decim+1)),"") -> 0.00
D40: =IFERROR(FIXED(Calibración!C43,decim+1),"") | F40: =IFERROR(FIXED(Calibración!D43,decim),"") -> 0.0 | L40: =IFERROR(FIXED(Calibración!E43,decim),"") -> 0.0 | R40: =IFERROR(IF(D40="","",FIXED(Calibración!F43,decim+1)),"")
A50: Resultados en Unidad del Alcance de Acreditación
D59: Tabla de resultados de la calibración
D60: Temperatura de referencia | F60: Indicación del Termómetro | L60: Corrección | R60: Incertidumbre expandida K = 2
D62: ºF | F62: ºF | L62: ºF | R62: ºF
D63: =CONVERT(D29,"C","F") -> 32 | F63: =CONVERT(F29,"C","F") -> 32 | H63: =CONVERT(H29,"F","C") -> -17.777778 | J63: =CONVERT(J29,"F","C") -> -17.777778 | L63: =F63-D63 -> 0 | R63: =R29*1.8 -> 0.216
D64: =CONVERT(D30,"C","F") -> 32 | F64: =CONVERT(F30,"C","F") -> 32 | H64: =CONVERT(H30,"F","C") -> -17.777778 | J64: =CONVERT(J30,"F","C") -> -17.777778 | L64: =F64-D64 -> 0 | R64: =R30*1.8 -> 0.216
D65: =CONVERT(D31,"C","F") -> 32 | F65: =CONVERT(F31,"C","F") -> 32 | H65: =CONVERT(H31,"F","C") -> -17.777778 | J65: =CONVERT(J31,"F","C") -> -17.777778 | L65: =F65-D65 -> 0 | R65: =R31*1.8 -> 0.216
D66: =CONVERT(D32,"C","F") -> 32 | F66: =CONVERT(F32,"C","F") -> 32 | H66: =CONVERT(H32,"F","C") -> -17.777778 | J66: =CONVERT(J32,"F","C") -> -17.777778 | L66: =F66-D66 -> 0 | R66: =R32*1.8 -> 0.216
D67: =CONVERT(D33,"C","F") -> 32 | F67: =CONVERT(F33,"C","F") -> 32 | H67: =CONVERT(H33,"F","C") -> -17.777778 | J67: =CONVERT(J33,"F","C") -> -17.777778 | L67: =F67-D67 -> 0 | R67: =R33*1.8 -> 0.216
D68: =CONVERT(D34,"C","F") -> 32 | F68: =CONVERT(F34,"C","F") -> 32 | H68: =CONVERT(H34,"F","C") -> -17.777778 | J68: =CONVERT(J34,"F","C") -> -17.777778 | L68: =F68-D68 -> 0 | R68: =R34*1.8 -> 0.216
D69: =CONVERT(D35,"C","F") -> 32 | F69: =CONVERT(F35,"C","F") -> 32 | H69: =CONVERT(H35,"F","C") -> -17.777778 | J69: =CONVERT(J35,"F","C") -> -17.777778 | L69: =F69-D69 -> 0 | R69: =R35*1.8 -> 0.216
D70: =CONVERT(D36,"C","F") -> 32 | F70: =CONVERT(F36,"C","F") -> 32 | H70: =CONVERT(H36,"F","C") -> -17.777778 | J70: =CONVERT(J36,"F","C") -> -17.777778 | L70: =F70-D70 -> 0 | R70: =R36*1.8 -> 0.216
D71: =CONVERT(D37,"C","F") -> 32 | F71: =CONVERT(F37,"C","F") -> 32 | H71: =CONVERT(H37,"F","C") -> -17.777778 | J71: =CONVERT(J37,"F","C") -> -17.777778 | L71: =F71-D71 -> 0 | R71: =R37*1.8 -> 0.216
D72: =CONVERT(D38,"C","F") -> 32 | F72: =CONVERT(F38,"C","F") -> 32 | H72: =CONVERT(H38,"F","C") -> -17.777778 | J72: =CONVERT(J38,"F","C") -> -17.777778 | L72: =F72-D72 -> 0 | R72: =R38*1.8 -> 0.216
D73: =CONVERT(D39,"C","F") -> 32 | F73: =CONVERT(F39,"C","F") -> 32 | H73: =CONVERT(H39,"F","C") -> -17.777778 | J73: =CONVERT(J39,"F","C") -> -17.777778 | L73: =F73-D73 -> 0 | R73: =R39*1.8 -> 0
A74: =CONCATENATE("Condiciones ambientales (Higrotermómetro ", General!$I$4, ")") -> Condiciones ambientales (Higrotermómetro 0)
B75: Temperatura: | E75: =CertTempC -> 0 | F75: °C ± | G75: =CertTempIncerti -> #N/A | H75: °C
B76: Humedad relativa: | E76: =CertHR -> 0 | F76: % ± | G76: =CertHRIncerti -> #N/A | H76: %
A85: Identificación del certificado: | N85: =N8 -> NI-MC-T-1325-2023
A88: Método de calibración
A89: Las pruebas se realizaron según NI-MCIT-T-01 Instrucción para calibración de termómetros.
A91: Incertidumbre de los datos
A92: La incertidumbre de las medición se obtuvo multiplicando la incertidumbre estándar combinada por un factor de cobertura k = 2, con el que se alcanza un nivel de confianza de al menos 95 %. La incertidumbre estándar de la medición se determinó conforme a la Guía para la Expresión de la Incertidumbre de la Medida, BIPM-IEC-IFCC-ISO-IUPAC-IUPAP-OIML, en la cual se toma en cuenta la incertidumbre de los patrones, del método de calibración, de las condiciones durante la calibración y del equipo sujeto a calibración.
A98: Descripción de patrones utilizados
A99: Descripción | E99: Marca | H99: Código | N99: Trazabilidad | X99: Próx.calibr.
A100: Higrotermometro | E100: =General!$I$5 -> #N/A | H100: =General!$I$4 -> 0 | N100: =VLOOKUP(H100,'BD Patron'!$C$6:$N$10,11,FALSE) -> #N/A | X100: =VLOOKUP(H100,'BD Patron'!$C$6:$N$10,10,FALSE)+731 -> #N/A
A101: Barómetro
A102: =VLOOKUP(H102,'BD Patron'!$C$15:$U$24,2,FALSE) -> Baño de bloque seco | E102: =CONCATENATE(VLOOKUP(H102,'BD Patron'!$C$15:$U$24,3,FALSE), " ", VLOOKUP(H102,'BD Patron'!$C$15:$U$24,4,FALSE)) -> Fluke 9171 | H102: =Calibración!$S$4 -> NI-MCPT-37 | N102: =CONCATENATE(VLOOKUP(H102,'BD Patron'!$C$15:$U$24,18,FALSE), " ",VLOOKUP(H102,'BD Patron'!$C$15:$U$24,19,FALSE)) -> SCM Metrología y Laboratorios 20180507-28-1 | X102: =VLOOKUP(H102,'BD Patron'!$C$15:$U$24,17,FALSE)+365 -> 43595
A103: =VLOOKUP(H103,'BD Patron'!$C$16:$Q$25,2,FALSE) -> Termómetro Digital | E103: =CONCATENATE(VLOOKUP(H103,'BD Patron'!$C$16:$Q$25,3,FALSE), " ", VLOOKUP(H103,'BD Patron'!$C$16:$Q$25,4,FALSE)) -> AccuMac/Fluke 5627A | H103: =Calibración!$J$5 -> NI-MCPT-05 | N103: =CONCATENATE(VLOOKUP(H103,'BD Patron'!$C$15:$U$24,18,FALSE), " ",VLOOKUP(H103,'BD Patron'!$C$15:$U$24,19,FALSE)) -> SCM Metrología y Laboratorios SCM-00039472 | X103: =VLOOKUP(H103,'BD Patron'!$C$15:$U$24,17,FALSE)+365 -> 45204
A105: Observaciones
A106: Es responsabilidad del encargado del instrumento establecer la frecuencia del servicio de calibración.
A107: ='[4]Salida de Datos'!$F$8 -> La corrección corresponde al valor del patrón menos las indicación del equipo.
A108: ='[4]Salida de Datos'!$F$9 -> La indicación de temperatura de referencia y del equipo, corresponden al promedio de 3 mediciones .
A109: El factor de conversión utilizado corresponde a T(ºC) = (t(ºF)-32)/1,8; para el caso de la incertidumbre solamente es
A110: T(ºC) = t(ºF)/1,8
A111: ='[4]Salida de Datos'!$F$11 -> De acuerdo a lo establecido en NTON 07-004-01 Norma Metrológica del Sistema Internacional de Unidades (SI).
A112: Los resultados emitidos en este certificado corresponden únicamente al objeto calibrado y a las magnitudes
A113: especificadas al momento de realizar el servicio.
A114: Este certificado de calibración no debe ser reproducido sin la aprobación del laboratorio, excepto cuando se
A115: reproduce en su totalidad.
I119: Ing. Fredman A. Méndez M.
I120: Director Técnico
I121: Nulo sin sello y firma
I122: .................Fin del certificado................

Sheet CMC
B3: CMC's Temperatura
I4: Rango | K4: Incertidumbre | N4: Todo en [ºC]
B5: Rango de Temperatura | I5: min. | J5: max. | K5: min. | L5: max. | M5: a0 | N5: a1 | O5: a2 | P5: a3 | Q5: a4
B6: min (ºC) | C6: max (ºC) | D6: CMC (ºC) | I6: -30 | J6: 99.98 | K6: 0.071 | L6: 0.074 | M6: 0.091763 | N6: 0.00058817
B7: -30 | C7: 99.98 | D7: 0,08 a 0,18 | F7: y = 5.8817E-04x + 9.1763E-02 | I7: 150.214 | J7: 249.968 | K7: 0.0554 | L7: 0.06 | M7: 0.048473 | N7: 4.6113e-05
D8: Valor Nominal | F8: Expresada como función | I8: 250.2 | J8: 350.1 | K8: 0.392 | L8: 0.4 | M8: 0.37196 | N8: 8.008e-05
B9: min (ºC) | C9: max (ºC) | D9: CMC (ºC)
B10: 150.214 | C10: 249.968 | D10: 0,0554 a 0,0600 | F10: y = 4,6113E-05x + 4,8473E-02
D11: Valor Nominal | F11: Expresada como función
B12: min (ºC) | C12: max (ºC) | D12: CMC (ºC)
B13: 250.2 | C13: 350.1 | D13: 0,3920 a 0,4000 | F13: y = 8,0080E-05x + 3,7196E-01
D14: Valor Nominal | F14: Expresada como función | I14: Todo en [°C]
I15: Punto # | J15: mc | K15: U95=kun(E) | L15: CMC | M15: CMC min
I16: Punto 1 | J16: =IFERROR(IF(unidad="°C",Calibración!C32,IF(unidad="K",Calibración!C32-273.15,5*(Calibración!C32+ 459.67) /9)),"") -> -0.0020157983 | K16: =IFERROR(IF(J16="","",IF(unidad="°C",Calibración!F32,IF(unidad="K",Calibración!J32,5*(Calibración!J32+ 459.67) /9))),"") -> 0.11960105 | L16: =IF(J16=0,0,IF(J16<=$J$6,$M$6+$N$6*J16+$O$6*J16^2+$P$6*J16^3+$Q$6*J16^4,IF(J16>$J$7,$M$8+$N$8*J16+$O$8*J16^2+$P$8*J16^3+$Q$8*J16^4,$M$7+$N$7*J16+$O$7*J16^2+$P$7*J16^3+$Q$7*J16^4))) -> 0.091761814 | M16: =IF(J16=0,0,IF(J16<=$J$6+5,$K$6,IF(J16>$J$7+10,$K$8,$K$7))) -> 0.071
I17: Punto 2 | J17: =IFERROR(IF(unidad="°C",Calibración!C33,IF(unidad="K",Calibración!C33-273.15,5*(Calibración!C33+ 459.67) /9)),"") -> -0.0020157983 | K17: =IFERROR(IF(J17="","",IF(unidad="°C",Calibración!F33,IF(unidad="K",Calibración!J33,5*(Calibración!J33+ 459.67) /9))),"") -> 0.11960105 | L17: =IF(J17=0,0,IF(J17<=$J$6,$M$6+$N$6*J17+$O$6*J17^2+$P$6*J17^3+$Q$6*J17^4,IF(J17>$J$7,$M$8+$N$8*J17+$O$8*J17^2+$P$8*J17^3+$Q$8*J17^4,$M$7+$N$7*J17+$O$7*J17^2+$P$7*J17^3+$Q$7*J17^4))) -> 0.091761814 | M17: =IF(J17=0,0,IF(J17<=$J$6+5,$K$6,IF(J17>$J$7+10,$K$8,$K$7))) -> 0.071
I18: Punto 3 | J18: =IFERROR(IF(unidad="°C",Calibración!C34,IF(unidad="K",Calibración!C34-273.15,5*(Calibración!C34+ 459.67) /9)),"") -> -0.0020157983 | K18: =IFERROR(IF(J18="","",IF(unidad="°C",Calibración!F34,IF(unidad="K",Calibración!J34,5*(Calibración!J34+ 459.67) /9))),"") -> 0.11960105 | L18: =IF(J18=0,0,IF(J18<=$J$6,$M$6+$N$6*J18+$O$6*J18^2+$P$6*J18^3+$Q$6*J18^4,IF(J18>$J$7,$M$8+$N$8*J18+$O$8*J18^2+$P$8*J18^3+$Q$8*J18^4,$M$7+$N$7*J18+$O$7*J18^2+$P$7*J18^3+$Q$7*J18^4))) -> 0.091761814 | M18: =IF(J18=0,0,IF(J18<=$J$6+5,$K$6,IF(J18>$J$7+10,$K$8,$K$7))) -> 0.071
I19: Punto 4 | J19: =IFERROR(IF(unidad="°C",Calibración!C35,IF(unidad="K",Calibración!C35-273.15,5*(Calibración!C35+ 459.67) /9)),"") -> -0.0020157983 | K19: =IFERROR(IF(J19="","",IF(unidad="°C",Calibración!F35,IF(unidad="K",Calibración!J35,5*(Calibración!J35+ 459.67) /9))),"") -> 0.11960105 | L19: =IF(J19=0,0,IF(J19<=$J$6,$M$6+$N$6*J19+$O$6*J19^2+$P$6*J19^3+$Q$6*J19^4,IF(J19>$J$7,$M$8+$N$8*J19+$O$8*J19^2+$P$8*J19^3+$Q$8*J19^4,$M$7+$N$7*J19+$O$7*J19^2+$P$7*J19^3+$Q$7*J19^4))) -> 0.091761814 | M19: =IF(J19=0,0,IF(J19<=$J$6+5,$K$6,IF(J19>$J$7+10,$K$8,$K$7))) -> 0.071
I20: Punto 5 | J20: =IFERROR(IF(unidad="°C",Calibración!C36,IF(unidad="K",Calibración!C36-273.15,5*(Calibración!C36+ 459.67) /9)),"") -> -0.0020157983 | K20: =IFERROR(IF(J20="","",IF(unidad="°C",Calibración!F36,IF(unidad="K",Calibración!J36,5*(Calibración!J36+ 459.67) /9))),"") -> 0.11960105 | L20: =IF(J20=0,0,IF(J20<=$J$6,$M$6+$N$6*J20+$O$6*J20^2+$P$6*J20^3+$Q$6*J20^4,IF(J20>$J$7,$M$8+$N$8*J20+$O$8*J20^2+$P$8*J20^3+$Q$8*J20^4,$M$7+$N$7*J20+$O$7*J20^2+$P$7*J20^3+$Q$7*J20^4))) -> 0.091761814 | M20: =IF(J20=0,0,IF(J20<=$J$6+5,$K$6,IF(J20>$J$7+10,$K$8,$K$7))) -> 0.071
I21: Punto 6 | J21: =IFERROR(IF(unidad="°C",Calibración!C37,IF(unidad="K",Calibración!C37-273.15,5*(Calibración!C37+ 459.67) /9)),"") -> -0.0020157983 | K21: =IFERROR(IF(J21="","",IF(unidad="°C",Calibración!F37,IF(unidad="K",Calibración!J37,5*(Calibración!J37+ 459.67) /9))),"") -> 0.11960105 | L21: =IF(J21=0,0,IF(J21<=$J$6,$M$6+$N$6*J21+$O$6*J21^2+$P$6*J21^3+$Q$6*J21^4,IF(J21>$J$7,$M$8+$N$8*J21+$O$8*J21^2+$P$8*J21^3+$Q$8*J21^4,$M$7+$N$7*J21+$O$7*J21^2+$P$7*J21^3+$Q$7*J21^4))) -> 0.091761814 | M21: =IF(J21=0,0,IF(J21<=$J$6+5,$K$6,IF(J21>$J$7+10,$K$8,$K$7))) -> 0.071
I22: Punto 7 | J22: =IFERROR(IF(unidad="°C",Calibración!C38,IF(unidad="K",Calibración!C38-273.15,5*(Calibración!C38+ 459.67) /9)),"") -> -0.0020157983 | K22: =IFERROR(IF(J22="","",IF(unidad="°C",Calibración!F38,IF(unidad="K",Calibración!J38,5*(Calibración!J38+ 459.67) /9))),"") -> 0.11960105 | L22: =IF(J22=0,0,IF(J22<=$J$6,$M$6+$N$6*J22+$O$6*J22^2+$P$6*J22^3+$Q$6*J22^4,IF(J22>$J$7,$M$8+$N$8*J22+$O$8*J22^2+$P$8*J22^3+$Q$8*J22^4,$M$7+$N$7*J22+$O$7*J22^2+$P$7*J22^3+$Q$7*J22^4))) -> 0.091761814 | M22: =IF(J22=0,0,IF(J22<=$J$6+5,$K$6,IF(J22>$J$7+10,$K$8,$K$7))) -> 0.071
I23: Punto 8 | J23: =IFERROR(IF(unidad="°C",Calibración!C39,IF(unidad="K",Calibración!C39-273.15,5*(Calibración!C39+ 459.67) /9)),"") -> -0.0020157983 | K23: =IFERROR(IF(J23="","",IF(unidad="°C",Calibración!F39,IF(unidad="K",Calibración!J39,5*(Calibración!J39+ 459.67) /9))),"") -> 0.11960105 | L23: =IF(J23=0,0,IF(J23<=$J$6,$M$6+$N$6*J23+$O$6*J23^2+$P$6*J23^3+$Q$6*J23^4,IF(J23>$J$7,$M$8+$N$8*J23+$O$8*J23^2+$P$8*J23^3+$Q$8*J23^4,$M$7+$N$7*J23+$O$7*J23^2+$P$7*J23^3+$Q$7*J23^4))) -> 0.091761814 | M23: =IF(J23=0,0,IF(J23<=$J$6+5,$K$6,IF(J23>$J$7+10,$K$8,$K$7))) -> 0.071
I24: Punto 9 | J24: =IFERROR(IF(unidad="°C",Calibración!C40,IF(unidad="K",Calibración!C40-273.15,5*(Calibración!C40+ 459.67) /9)),"") -> -0.0020157983 | K24: =IFERROR(IF(J24="","",IF(unidad="°C",Calibración!F40,IF(unidad="K",Calibración!J40,5*(Calibración!J40+ 459.67) /9))),"") -> 0.11960105 | L24: =IF(J24=0,0,IF(J24<=$J$6,$M$6+$N$6*J24+$O$6*J24^2+$P$6*J24^3+$Q$6*J24^4,IF(J24>$J$7,$M$8+$N$8*J24+$O$8*J24^2+$P$8*J24^3+$Q$8*J24^4,$M$7+$N$7*J24+$O$7*J24^2+$P$7*J24^3+$Q$7*J24^4))) -> 0.091761814 | M24: =IF(J24=0,0,IF(J24<=$J$6+5,$K$6,IF(J24>$J$7+10,$K$8,$K$7))) -> 0.071
I25: Punto 10 | J25: =IFERROR(IF(unidad="°C",Calibración!C41,IF(unidad="K",Calibración!C41-273.15,5*(Calibración!C41+ 459.67) /9)),"") -> -0.0020157983 | K25: =IFERROR(IF(J25="","",IF(unidad="°C",Calibración!F41,IF(unidad="K",Calibración!J41,5*(Calibración!J41+ 459.67) /9))),"") -> 0.11960105 | L25: =IF(J25=0,0,IF(J25<=$J$6,$M$6+$N$6*J25+$O$6*J25^2+$P$6*J25^3+$Q$6*J25^4,IF(J25>$J$7,$M$8+$N$8*J25+$O$8*J25^2+$P$8*J25^3+$Q$8*J25^4,$M$7+$N$7*J25+$O$7*J25^2+$P$7*J25^3+$Q$7*J25^4))) -> 0.091761814 | M25: =IF(J25=0,0,IF(J25<=$J$6+5,$K$6,IF(J25>$J$7+10,$K$8,$K$7))) -> 0.071

Sheet BD Patron
C2: Higrotermómetro
H4: Fabricante | J4: Certificado | L4: Fecha Calibración | M4: Laboratorio/Certificado
B5: # | C5: Código | D5: Marca | E5: t max 0C | F5: Resolución t 0C | G5: Resolución RH % | H5: Exactitud ± <450C | I5: Exactitud ± % HR | J5: Exactitud± <450C | K5: Exactitud ±% HR
B6: 1 | C6: NI-MCPPT-01 | D6: Fluke 971 | E6: 60 | F6: 0.1 | G6: 0.1 | H6: 0.5 | I6: 2.5 | J6: 0.3 | K6: 1.3 | L6: 43427 | M6: SCM Metrología y Laboratorios 20181106-28-2
B7: 2 | C7: NI-MCPPT-02 | D7: Testo 608-H1 | E7: 50 | F7: 0.1 | G7: 0.1 | H7: 0.5 | I7: 3 | J7: 0.4 | K7: 1.3 | L7: 44839 | M7: SCM Metrología y Laboratorios SCM-00039468
B8: 3 | C8: NI-MCPPT-04 | D8: Fluke 971 | E8: 60 | F8: 0.1 | G8: 0.1 | H8: 0.5 | I8: 2.5 | J8: 0.27 | K8: 1.3 | L8: 43600 | M8: SCM Metrología y Laboratorios 20190513-102-3
B9: 4 | C9: NI-MCPPT-05 | D9: Fluke 971 | E9: 60 | F9: 0.1 | G9: 0.1 | H9: 0.5 | I9: 2.5 | J9: 0.4 | K9: 2.2 | L9: 44839 | M9: SCM Metrología y Laboratorios SCM-00039467
B10: 5 | C10: NI-MCPPT-06 | D10: Extech | E10: 60 | F10: 0.1 | G10: 0.1 | H10: 0.8 | I10: 4.2 | J10: 0.42 | K10: 1.3 | L10: 44839 | M10: SCM Metrología y Laboratorios SCM-00039471
C12: Patrones | D12: Todo en [oC]
H13: Funcionamiento | J13: Intervalo de medida cert. | L13: Exactitud fabrica | Q13: rango optimo t
B14: # | C14: Código Patrón | D14: Nombre | E14: Marca | F14: Modelo | G14: Tipo | H14: t min. | I14: t max. | J14: min. | K14: max. | L14: t min. ± | M14: t max. ± | N14: Resolución | O14: Coeficiente temp. % de medición | P14: Coeficiente temp. +oC a medición | Q14: t min | R14: t max | S14: Fecha calib. | T14: Laboratorio | U14: Certificado
B15: 1 | C15: NI-MCPT-01 | D15: Termómetro de estándares Chub-E4 | E15: Fluke | F15: 1529 | G15: PRT/RTD, Termistor, Termopar | H15: 16 | I15: 30 | J15: -30 | K15: 250 | L15: 0.004 | M15: 0.4 | N15: 0.001 | O15: 0 | P15: 0 | Q15: 16 | R15: 30 | S15: 43509 | T15: LACOMET | U15: 730219
B16: 2 | C16: NI-MCPT-02 | D16: Estándar de temperatura de referencia secundaria | E16: Fluke | F16: 5615-9 | G16: PRT | H16: -50 | I16: 250 | J16: -30 | K16: 250 | L16: 0.004 | M16: 0.4 | N16: 0.001 | O16: 0.003925 | P16: 0 | Q16: 16 | R16: 30 | S16: 43509 | T16: LACOMET | U16: 730219
B17: 3 | C17: NI-MCPT-37 | D17: Baño de bloque seco | E17: Fluke | F17: 9171 | G17: A68120 | H17: 5 | I17: 45 | J17: -30 | K17: 155 | L17: 0.1 | M17: 0.1 | N17: 0.001 | O17: 0 | P17: 0 | Q17: 5 | R17: 45 | S17: 43230 | T17: SCM Metrología y Laboratorios | U17: 20180507-28-1
B18: 4 | C18: NI-MCPT-05 | D18: Termómetro Digital | E18: AccuMac/Fluke | F18: 5627A | G18: PRT | H18: -200 | I18: 300 | J18: -30 | K18: 250 | L18: 0.026 | M18: 0.124 | N18: 0.001 | O18: 0.00385 | P18: 0 | Q18: 16 | R18: 30 | S18: 44839 | T18: SCM Metrología y Laboratorios | U18: SCM-00039472
B19: 5 | C19: NI-MCPT-06 | D19: Registrador de datos de alta temperatura con sonda flexible | E19: Omega | F19: OM-CP-HITEMP140PT | G19: RTD | H19: -40 | I19: 140 | J19: -20 | K19: 140 | L19: 0.1 | M19: 0.1 | N19: 0.1 | O19: 0 | P19: 0 | Q19: -40 | R19: 140 | S19: 43497 | T19: Metrocal | U19: NI-MC-T-116-2019
B20: 6 | C20: NI-MCPT-41 | D20: Baño de bloque seco | E20: Techne | F20: CE350 | G20: Pozo Seco con sensor RTD | H20: 5 | I20: 45 | J20: 50 | K20: 350 | L20: 0.1 | M20: 0.1 | N20: 1 | O20: 0.03 | P20: 0.0556 | Q20: 18 | R20: 28 | S20: 43642 | T20: SCM Metrología y Laboratorios | U20: 20190626-49-2
B21: 7 | C21: NI-MCPT-36
B22: 8 | C22: NI-MCPT-40-1 | D22: Termómetro digital | E22: Fluke | F22: 54-IIB | G22: Termocupla K (cobre) | H22: -10 | I22: 50 | J22: -30 | K22: 650 | L22: 0.3 | M22: 0.5 | N22: 0.1 | O22: 0.05 | P22: 0.3 | Q22: -10 | R22: 50 | S22: 44839 | T22: SCM Metrología y Laboratorios | U22: SCM-00039466
B23: 9 | C23: NI-MCPT-40-2 | D23: Termómetro digital | E23: Fluke | F23: 54-IIB | G23: Termocupla K (cobre) | H23: -10 | I23: 50 | J23: -30 | K23: 650 | L23: 0.3 | M23: 0.5 | N23: 0.1 | O23: 0.05 | P23: 0.3 | Q23: -10 | R23: 50 | S23: 44839 | T23: SCM Metrología y Laboratorios | U23: SCM-00039466
B24: 10
C26: Nota: para el patrón NI-MCPT-40 La exactitud minima de la fábrica es 0.2%+0.3°C
C30: Datos certificados patrones | E30: Certificado actual | H30: Certificado anterior | J30: Todo en [oC]
B31: # | C31: Código Patrón | D31: Nombre | E31: t calibr.act | F31: Correccion.act | G31: Certif.act U95 | H31: t calibr.ant | I31: Correccion.ant | J31: Certif.ant U95 | K31: Deriva
A32: 1 | B32: 1 | C32: =C15 -> NI-MCPT-01 | D32: Termómetro de estándares | E32: -30.035 | F32: 0 | G32: 0.02 | H32: -30.097 | I32: 0.055 | J32: 0.032 | K32: =ABS(Cert_patrones[[#This Row],[Correccion.act]]-Cert_patrones[[#This Row],[Correccion.ant]]) -> 0.055
B33: 2 | C33: =$C$32 -> NI-MCPT-01 | D33: Chub-E4 | E33: 0 | F33: 0.005 | G33: 0.016 | H33: 0.019 | I33: 0.044 | J33: 0.032 | K33: =ABS(Cert_patrones[[#This Row],[Correccion.act]]-Cert_patrones[[#This Row],[Correccion.ant]]) -> 0.039
B34: 3 | C34: =$C$32 -> NI-MCPT-01 | E34: 25.015 | F34: -0.002 | G34: 0.017 | H34: 25.094 | I34: 0.039 | J34: 0.032 | K34: =ABS(Cert_patrones[[#This Row],[Correccion.act]]-Cert_patrones[[#This Row],[Correccion.ant]]) -> 0.041
B35: 4 | C35: =$C$32 -> NI-MCPT-01 | E35: 49.985 | F35: -0.005 | G35: 0.017 | H35: 50.056 | I35: 0.033 | J35: 0.032 | K35: =ABS(Cert_patrones[[#This Row],[Correccion.act]]-Cert_patrones[[#This Row],[Correccion.ant]]) -> 0.038
B36: 5 | C36: =$C$32 -> NI-MCPT-01 | E36: 100.016 | F36: -0.024 | G36: 0.019 | H36: 100.02 | I36: 0.032 | J36: 0.032 | K36: =ABS(Cert_patrones[[#This Row],[Correccion.act]]-Cert_patrones[[#This Row],[Correccion.ant]]) -> 0.056
B37: 6 | C37: =$C$32 -> NI-MCPT-01 | E37: 150.014 | F37: 0.028 | G37: 0.019 | H37: 150.194 | I37: 0.058 | J37: 0.033 | K37: =ABS(Cert_patrones[[#This Row],[Correccion.act]]-Cert_patrones[[#This Row],[Correccion.ant]]) -> 0.03
B38: 7 | C38: =$C$32 -> NI-MCPT-01 | E38: 200.016 | F38: 0.011 | G38: 0.019 | H38: 200.075 | I38: 0.016 | J38: 0.033 | K38: =ABS(Cert_patrones[[#This Row],[Correccion.act]]-Cert_patrones[[#This Row],[Correccion.ant]]) -> 0.005
B39: 8 | C39: =$C$32 -> NI-MCPT-01 | E39: 250.025 | F39: -0.013 | G39: 0.019 | H39: 250.114 | I39: 0.027 | J39: 0.033 | K39: =ABS(Cert_patrones[[#This Row],[Correccion.act]]-Cert_patrones[[#This Row],[Correccion.ant]]) -> 0.04
B40: 9 | C40: =$C$32 -> NI-MCPT-01
A41: 2 | B41: 1 | C41: =C16 -> NI-MCPT-02 | D41: Estándar de temperatura | E41: -30.035 | F41: 0 | G41: 0.02 | H41: -30.097 | I41: 0.055 | J41: 0.032 | K41: =ABS(Cert_patrones[[#This Row],[Correccion.act]]-Cert_patrones[[#This Row],[Correccion.ant]]) -> 0.055
B42: 2 | C42: =$C$41 -> NI-MCPT-02 | D42: de referencia secundaria | E42: 0 | F42: 0.005 | G42: 0.016 | H42: 0.019 | I42: 0.044 | J42: 0.032 | K42: =ABS(Cert_patrones[[#This Row],[Correccion.act]]-Cert_patrones[[#This Row],[Correccion.ant]]) -> 0.039
B43: 3 | C43: =$C$41 -> NI-MCPT-02 | E43: 25.015 | F43: -0.002 | G43: 0.017 | H43: 25.094 | I43: 0.039 | J43: 0.032 | K43: =ABS(Cert_patrones[[#This Row],[Correccion.act]]-Cert_patrones[[#This Row],[Correccion.ant]]) -> 0.041
B44: 4 | C44: =$C$41 -> NI-MCPT-02 | E44: 49.985 | F44: -0.005 | G44: 0.017 | H44: 50.056 | I44: 0.033 | J44: 0.032 | K44: =ABS(Cert_patrones[[#This Row],[Correccion.act]]-Cert_patrones[[#This Row],[Correccion.ant]]) -> 0.038
B45: 5 | C45: =$C$41 -> NI-MCPT-02 | E45: 100.016 | F45: -0.024 | G45: 0.019 | H45: 100.02 | I45: 0.032 | J45: 0.032 | K45: =ABS(Cert_patrones[[#This Row],[Correccion.act]]-Cert_patrones[[#This Row],[Correccion.ant]]) -> 0.056
B46: 6 | C46: =$C$41 -> NI-MCPT-02 | E46: 150.014 | F46: 0.028 | G46: 0.019 | H46: 150.194 | I46: 0.058 | J46: 0.033 | K46: =ABS(Cert_patrones[[#This Row],[Correccion.act]]-Cert_patrones[[#This Row],[Correccion.ant]]) -> 0.03
B47: 7 | C47: =$C$41 -> NI-MCPT-02 | E47: 200.016 | F47: 0.011 | G47: 0.019 | H47: 200.075 | I47: 0.016 | J47: 0.033 | K47: =ABS(Cert_patrones[[#This Row],[Correccion.act]]-Cert_patrones[[#This Row],[Correccion.ant]]) -> 0.005
B48: 8 | C48: =$C$41 -> NI-MCPT-02 | E48: 250.025 | F48: -0.013 | G48: 0.019 | H48: 250.114 | I48: 0.027 | J48: 0.033 | K48: =ABS(Cert_patrones[[#This Row],[Correccion.act]]-Cert_patrones[[#This Row],[Correccion.ant]]) -> 0.04
B49: 9 | C49: =$C$41 -> NI-MCPT-02 | K49: =IFERROR(IF(AND(Cert_patrones[[#This Row],[t calibr.act]]<>"",Cert_patrones[[#This Row],[t calibr.ant]]<>""),ABS(Cert_patrones[[#This Row],[Correccion.act]]-Cert_patrones[[#This Row],[Correccion.ant]]),IF(Cert_patrones[[#This Row],[t calibr.act]]="","",VLOOKUP(Cert_patrones[[#This Row],[Código Patrón]],tblBD_PatronTerm[[Código Patrón]:[Coeficiente temp. +oC a medición]],11,FALSE)/SQRT(3))),"")
A50: 3 | B50: 1 | C50: =C17 -> NI-MCPT-37 | D50: Baño de bloque seco | E50: -29.99 | F50: 0.013 | G50: 0.071 | K50: =IFERROR(IF(AND(Cert_patrones[[#This Row],[t calibr.act]]<>"",Cert_patrones[[#This Row],[t calibr.ant]]<>""),ABS(Cert_patrones[[#This Row],[Correccion.act]]-Cert_patrones[[#This Row],[Correccion.ant]]),IF(Cert_patrones[[#This Row],[t calibr.act]]="","",VLOOKUP(Cert_patrones[[#This Row],[Código Patrón]],tblBD_PatronTerm[[Código Patrón]:[Coeficiente temp. +oC a medición]],11,FALSE)/SQRT(3))),"") -> 0.057735027
B51: 2 | C51: =$C$50 -> NI-MCPT-37 | E51: -0.066 | F51: -0.068 | G51: 0.071 | K51: =IFERROR(IF(AND(Cert_patrones[[#This Row],[t calibr.act]]<>"",Cert_patrones[[#This Row],[t calibr.ant]]<>""),ABS(Cert_patrones[[#This Row],[Correccion.act]]-Cert_patrones[[#This Row],[Correccion.ant]]),IF(Cert_patrones[[#This Row],[t calibr.act]]="","",VLOOKUP(Cert_patrones[[#This Row],[Código Patrón]],tblBD_PatronTerm[[Código Patrón]:[Coeficiente temp. +oC a medición]],11,FALSE)/SQRT(3))),"") -> 0.057735027
B52: 3 | C52: =$C$50 -> NI-MCPT-37 | E52: 49.996 | F52: -0.004 | G52: 0.071 | K52: =IFERROR(IF(AND(Cert_patrones[[#This Row],[t calibr.act]]<>"",Cert_patrones[[#This Row],[t calibr.ant]]<>""),ABS(Cert_patrones[[#This Row],[Correccion.act]]-Cert_patrones[[#This Row],[Correccion.ant]]),IF(Cert_patrones[[#This Row],[t calibr.act]]="","",VLOOKUP(Cert_patrones[[#This Row],[Código Patrón]],tblBD_PatronTerm[[Código Patrón]:[Coeficiente temp. +oC a medición]],11,FALSE)/SQRT(3))),"") -> 0.057735027
B53: 4 | C53: =$C$50 -> NI-MCPT-37 | E53: 100.009 | F53: 0.009 | G53: 0.071 | K53: =IFERROR(IF(AND(Cert_patrones[[#This Row],[t calibr.act]]<>"",Cert_patrones[[#This Row],[t calibr.ant]]<>""),ABS(Cert_patrones[[#This Row],[Correccion.act]]-Cert_patrones[[#This Row],[Correccion.ant]]),IF(Cert_patrones[[#This Row],[t calibr.act]]="","",VLOOKUP(Cert_patrones[[#This Row],[Código Patrón]],tblBD_PatronTerm[[Código Patrón]:[Coeficiente temp. +oC a medición]],11,FALSE)/SQRT(3))),"") -> 0.057735027
B54: 5 | C54: =$C$50 -> NI-MCPT-37 | E54: 120.003 | F54: 0.002 | G54: 0.071 | K54: =IFERROR(IF(AND(Cert_patrones[[#This Row],[t calibr.act]]<>"",Cert_patrones[[#This Row],[t calibr.ant]]<>""),ABS(Cert_patrones[[#This Row],[Correccion.act]]-Cert_patrones[[#This Row],[Correccion.ant]]),IF(Cert_patrones[[#This Row],[t calibr.act]]="","",VLOOKUP(Cert_patrones[[#This Row],[Código Patrón]],tblBD_PatronTerm[[Código Patrón]:[Coeficiente temp. +oC a medición]],11,FALSE)/SQRT(3))),"") -> 0.057735027
B55: 6 | C55: =$C$50 -> NI-MCPT-37 | E55: 155.062 | F55: 0.062 | G55: 0.071 | K55: =IFERROR(IF(AND(Cert_patrones[[#This Row],[t calibr.act]]<>"",Cert_patrones[[#This Row],[t calibr.ant]]<>""),ABS(Cert_patrones[[#This Row],[Correccion.act]]-Cert_patrones[[#This Row],[Correccion.ant]]),IF(Cert_patrones[[#This Row],[t calibr.act]]="","",VLOOKUP(Cert_patrones[[#This Row],[Código Patrón]],tblBD_PatronTerm[[Código Patrón]:[Coeficiente temp. +oC a medición]],11,FALSE)/SQRT(3))),"") -> 0.057735027
B56: 7 | C56: =$C$50 -> NI-MCPT-37 | K56: =IFERROR(IF(AND(Cert_patrones[[#This Row],[t calibr.act]]<>"",Cert_patrones[[#This Row],[t calibr.ant]]<>""),ABS(Cert_patrones[[#This Row],[Correccion.act]]-Cert_patrones[[#This Row],[Correccion.ant]]),IF(Cert_patrones[[#This Row],[t calibr.act]]="","",VLOOKUP(Cert_patrones[[#This Row],[Código Patrón]],tblBD_PatronTerm[[Código Patrón]:[Coeficiente temp. +oC a medición]],11,FALSE)/SQRT(3))),"")
B57: 8 | C57: =$C$50 -> NI-MCPT-37 | K57: =IFERROR(IF(AND(Cert_patrones[[#This Row],[t calibr.act]]<>"",Cert_patrones[[#This Row],[t calibr.ant]]<>""),ABS(Cert_patrones[[#This Row],[Correccion.act]]-Cert_patrones[[#This Row],[Correccion.ant]]),IF(Cert_patrones[[#This Row],[t calibr.act]]="","",VLOOKUP(Cert_patrones[[#This Row],[Código Patrón]],tblBD_PatronTerm[[Código Patrón]:[Coeficiente temp. +oC a medición]],11,FALSE)/SQRT(3))),"")
B58: 9 | C58: =$C$50 -> NI-MCPT-37 | K58: =IFERROR(IF(AND(Cert_patrones[[#This Row],[t calibr.act]]<>"",Cert_patrones[[#This Row],[t calibr.ant]]<>""),ABS(Cert_patrones[[#This Row],[Correccion.act]]-Cert_patrones[[#This Row],[Correccion.ant]]),IF(Cert_patrones[[#This Row],[t calibr.act]]="","",VLOOKUP(Cert_patrones[[#This Row],[Código Patrón]],tblBD_PatronTerm[[Código Patrón]:[Coeficiente temp. +oC a medición]],11,FALSE)/SQRT(3))),"")
A59: 4 | B59: 1 | C59: =C18 -> NI-MCPT-05 | D59: Termómetro Digital | E59: -30.067 | F59: -0.017 | G59: 0.023 | H59: -30.069 | I59: -0.021 | J59: 0.023 | K59: =IFERROR(IF(AND(Cert_patrones[[#This Row],[t calibr.act]]<>"",Cert_patrones[[#This Row],[t calibr.ant]]<>""),ABS(Cert_patrones[[#This Row],[Correccion.act]]-Cert_patrones[[#This Row],[Correccion.ant]]),IF(Cert_patrones[[#This Row],[t calibr.act]]="","",VLOOKUP(Cert_patrones[[#This Row],[Código Patrón]],tblBD_PatronTerm[[Código Patrón]:[Coeficiente temp. +oC a medición]],11,FALSE)/SQRT(3))),"") -> 0.004
B60: 2 | C60: =$C$59 -> NI-MCPT-05 | D60: de precisión | E60: -0.018 | F60: -0.002 | G60: 0.02 | H60: -0.02 | I60: -0.003 | J60: 0.02 | K60: =IFERROR(IF(AND(Cert_patrones[[#This Row],[t calibr.act]]<>"",Cert_patrones[[#This Row],[t calibr.ant]]<>""),ABS(Cert_patrones[[#This Row],[Correccion.act]]-Cert_patrones[[#This Row],[Correccion.ant]]),IF(Cert_patrones[[#This Row],[t calibr.act]]="","",VLOOKUP(Cert_patrones[[#This Row],[Código Patrón]],tblBD_PatronTerm[[Código Patrón]:[Coeficiente temp. +oC a medición]],11,FALSE)/SQRT(3))),"") -> 0.001
B61: 3 | C61: =$C$59 -> NI-MCPT-05 | E61: 25.048 | F61: -0.024 | G61: 0.02 | H61: 25.063 | I61: -0.004 | J61: 0.02 | K61: =IFERROR(IF(AND(Cert_patrones[[#This Row],[t calibr.act]]<>"",Cert_patrones[[#This Row],[t calibr.ant]]<>""),ABS(Cert_patrones[[#This Row],[Correccion.act]]-Cert_patrones[[#This Row],[Correccion.ant]]),IF(Cert_patrones[[#This Row],[t calibr.act]]="","",VLOOKUP(Cert_patrones[[#This Row],[Código Patrón]],tblBD_PatronTerm[[Código Patrón]:[Coeficiente temp. +oC a medición]],11,FALSE)/SQRT(3))),"") -> 0.02
B62: 4 | C62: =$C$59 -> NI-MCPT-05 | E62: 49.993 | F62: -0.01 | G62: 0.02 | H62: 49.991 | I62: -0.01 | J62: 0.02 | K62: =IFERROR(IF(AND(Cert_patrones[[#This Row],[t calibr.act]]<>"",Cert_patrones[[#This Row],[t calibr.ant]]<>""),ABS(Cert_patrones[[#This Row],[Correccion.act]]-Cert_patrones[[#This Row],[Correccion.ant]]),IF(Cert_patrones[[#This Row],[t calibr.act]]="","",VLOOKUP(Cert_patrones[[#This Row],[Código Patrón]],tblBD_PatronTerm[[Código Patrón]:[Coeficiente temp. +oC a medición]],11,FALSE)/SQRT(3))),"") -> 0
B63: 5 | C63: =$C$59 -> NI-MCPT-05 | E63: 99.995 | F63: -0.007 | G63: 0.02 | H63: 99.991 | I63: -0.004 | J63: 0.02 | K63: =IFERROR(IF(AND(Cert_patrones[[#This Row],[t calibr.act]]<>"",Cert_patrones[[#This Row],[t calibr.ant]]<>""),ABS(Cert_patrones[[#This Row],[Correccion.act]]-Cert_patrones[[#This Row],[Correccion.ant]]),IF(Cert_patrones[[#This Row],[t calibr.act]]="","",VLOOKUP(Cert_patrones[[#This Row],[Código Patrón]],tblBD_PatronTerm[[Código Patrón]:[Coeficiente temp. +oC a medición]],11,FALSE)/SQRT(3))),"") -> 0.003
B64: 6 | C64: =$C$59 -> NI-MCPT-05 | E64: 150.087 | F64: 0.002 | G64: 0.026 | H64: 150.168 | I64: 0 | J64: 0.026 | K64: =IFERROR(IF(AND(Cert_patrones[[#This Row],[t calibr.act]]<>"",Cert_patrones[[#This Row],[t calibr.ant]]<>""),ABS(Cert_patrones[[#This Row],[Correccion.act]]-Cert_patrones[[#This Row],[Correccion.ant]]),IF(Cert_patrones[[#This Row],[t calibr.act]]="","",VLOOKUP(Cert_patrones[[#This Row],[Código Patrón]],tblBD_PatronTerm[[Código Patrón]:[Coeficiente temp. +oC a medición]],11,FALSE)/SQRT(3))),"") -> 0.002
B65: 7 | C65: =$C$59 -> NI-MCPT-05 | E65: 200.096 | F65: -0.005 | G65: 0.026 | H65: 200.139 | I65: -0.005 | J65: 0.026 | K65: =IFERROR(IF(AND(Cert_patrones[[#This Row],[t calibr.act]]<>"",Cert_patrones[[#This Row],[t calibr.ant]]<>""),ABS(Cert_patrones[[#This Row],[Correccion.act]]-Cert_patrones[[#This Row],[Correccion.ant]]),IF(Cert_patrones[[#This Row],[t calibr.act]]="","",VLOOKUP(Cert_patrones[[#This Row],[Código Patrón]],tblBD_PatronTerm[[Código Patrón]:[Coeficiente temp. +oC a medición]],11,FALSE)/SQRT(3))),"") -> 0
B66: 8 | C66: =$C$59 -> NI-MCPT-05 | E66: 250.014 | F66: -0.012 | G66: 0.026 | H66: 250.012 | I66: -0.016 | J66: 0.026 | K66: =IFERROR(IF(AND(Cert_patrones[[#This Row],[t calibr.act]]<>"",Cert_patrones[[#This Row],[t calibr.ant]]<>""),ABS(Cert_patrones[[#This Row],[Correccion.act]]-Cert_patrones[[#This Row],[Correccion.ant]]),IF(Cert_patrones[[#This Row],[t calibr.act]]="","",VLOOKUP(Cert_patrones[[#This Row],[Código Patrón]],tblBD_PatronTerm[[Código Patrón]:[Coeficiente temp. +oC a medición]],11,FALSE)/SQRT(3))),"") -> 0.004
B67: 9 | C67: =$C$59 -> NI-MCPT-05 | K67: =IFERROR(IF(AND(Cert_patrones[[#This Row],[t calibr.act]]<>"",Cert_patrones[[#This Row],[t calibr.ant]]<>""),ABS(Cert_patrones[[#This Row],[Correccion.act]]-Cert_patrones[[#This Row],[Correccion.ant]]),IF(Cert_patrones[[#This Row],[t calibr.act]]="","",VLOOKUP(Cert_patrones[[#This Row],[Código Patrón]],tblBD_PatronTerm[[Código Patrón]:[Coeficiente temp. +oC a medición]],11,FALSE)/SQRT(3))),"")
A68: 5 | B68: 1 | C68: =C19 -> NI-MCPT-06 | D68: Registrador de datos | K68: =IFERROR(IF(AND(Cert_patrones[[#This Row],[t calibr.act]]<>"",Cert_patrones[[#This Row],[t calibr.ant]]<>""),ABS(Cert_patrones[[#This Row],[Correccion.act]]-Cert_patrones[[#This Row],[Correccion.ant]]),IF(Cert_patrones[[#This Row],[t calibr.act]]="","",VLOOKUP(Cert_patrones[[#This Row],[Código Patrón]],tblBD_PatronTerm[[Código Patrón]:[Coeficiente temp. +oC a medición]],11,FALSE)/SQRT(3))),"")
B69: 2 | C69: =$C$68 -> NI-MCPT-06 | D69: de alta temperatura | E69: -20.41 | F69: 0.46 | G69: 0.067 | H69: -20.38 | I69: 0.22 | J69: 0.16 | K69: =IFERROR(IF(AND(Cert_patrones[[#This Row],[t calibr.act]]<>"",Cert_patrones[[#This Row],[t calibr.ant]]<>""),ABS(Cert_patrones[[#This Row],[Correccion.act]]-Cert_patrones[[#This Row],[Correccion.ant]]),IF(Cert_patrones[[#This Row],[t calibr.act]]="","",VLOOKUP(Cert_patrones[[#This Row],[Código Patrón]],tblBD_PatronTerm[[Código Patrón]:[Coeficiente temp. +oC a medición]],11,FALSE)/SQRT(3))),"") -> 0.24
B70: 3 | C70: =$C$68 -> NI-MCPT-06 | D70: con sonda flexible | E70: -0.45 | F70: 0.45 | G70: 0.07 | H70: -0.55 | I70: 0.43 | J70: 0.08 | K70: =IFERROR(IF(AND(Cert_patrones[[#This Row],[t calibr.act]]<>"",Cert_patrones[[#This Row],[t calibr.ant]]<>""),ABS(Cert_patrones[[#This Row],[Correccion.act]]-Cert_patrones[[#This Row],[Correccion.ant]]),IF(Cert_patrones[[#This Row],[t calibr.act]]="","",VLOOKUP(Cert_patrones[[#This Row],[Código Patrón]],tblBD_PatronTerm[[Código Patrón]:[Coeficiente temp. +oC a medición]],11,FALSE)/SQRT(3))),"") -> 0.02
B71: 4 | C71: =$C$68 -> NI-MCPT-06 | E71: 39.49 | F71: 0.52 | G71: 0.063 | H71: 39.24 | I71: 0.63 | J71: 0.11 | K71: =IFERROR(IF(AND(Cert_patrones[[#This Row],[t calibr.act]]<>"",Cert_patrones[[#This Row],[t calibr.ant]]<>""),ABS(Cert_patrones[[#This Row],[Correccion.act]]-Cert_patrones[[#This Row],[Correccion.ant]]),IF(Cert_patrones[[#This Row],[t calibr.act]]="","",VLOOKUP(Cert_patrones[[#This Row],[Código Patrón]],tblBD_PatronTerm[[Código Patrón]:[Coeficiente temp. +oC a medición]],11,FALSE)/SQRT(3))),"") -> 0.11
B72: 5 | C72: =$C$68 -> NI-MCPT-06 | E72: 59.43 | F72: 0.55 | G72: 0.059 | H72: 59.21 | I72: 0.65 | J72: 0.13 | K72: =IFERROR(IF(AND(Cert_patrones[[#This Row],[t calibr.act]]<>"",Cert_patrones[[#This Row],[t calibr.ant]]<>""),ABS(Cert_patrones[[#This Row],[Correccion.act]]-Cert_patrones[[#This Row],[Correccion.ant]]),IF(Cert_patrones[[#This Row],[t calibr.act]]="","",VLOOKUP(Cert_patrones[[#This Row],[Código Patrón]],tblBD_PatronTerm[[Código Patrón]:[Coeficiente temp. +oC a medición]],11,FALSE)/SQRT(3))),"") -> 0.1
B73: 6 | C73: =$C$68 -> NI-MCPT-06 | E73: 79.36 | F73: 0.61 | G73: 0.057 | H73: 79.1 | I73: 0.75 | J73: 0.15 | K73: =IFERROR(IF(AND(Cert_patrones[[#This Row],[t calibr.act]]<>"",Cert_patrones[[#This Row],[t calibr.ant]]<>""),ABS(Cert_patrones[[#This Row],[Correccion.act]]-Cert_patrones[[#This Row],[Correccion.ant]]),IF(Cert_patrones[[#This Row],[t calibr.act]]="","",VLOOKUP(Cert_patrones[[#This Row],[Código Patrón]],tblBD_PatronTerm[[Código Patrón]:[Coeficiente temp. +oC a medición]],11,FALSE)/SQRT(3))),"") -> 0.14
B74: 7 | C74: =$C$68 -> NI-MCPT-06 | E74: 119.45 | F74: 0.58 | G74: 0.069 | H74: 119.17 | I74: 0.67 | J74: 0.14 | K74: =IFERROR(IF(AND(Cert_patrones[[#This Row],[t calibr.act]]<>"",Cert_patrones[[#This Row],[t calibr.ant]]<>""),ABS(Cert_patrones[[#This Row],[Correccion.act]]-Cert_patrones[[#This Row],[Correccion.ant]]),IF(Cert_patrones[[#This Row],[t calibr.act]]="","",VLOOKUP(Cert_patrones[[#This Row],[Código Patrón]],tblBD_PatronTerm[[Código Patrón]:[Coeficiente temp. +oC a medición]],11,FALSE)/SQRT(3))),"") -> 0.09
B75: 8 | C75: =$C$68 -> NI-MCPT-06 | E75: 140.61 | F75: -0.48 | G75: 0.086 | H75: 139.1 | I75: 0.75 | J75: 0.12 | K75: =IFERROR(IF(AND(Cert_patrones[[#This Row],[t calibr.act]]<>"",Cert_patrones[[#This Row],[t calibr.ant]]<>""),ABS(Cert_patrones[[#This Row],[Correccion.act]]-Cert_patrones[[#This Row],[Correccion.ant]]),IF(Cert_patrones[[#This Row],[t calibr.act]]="","",VLOOKUP(Cert_patrones[[#This Row],[Código Patrón]],tblBD_PatronTerm[[Código Patrón]:[Coeficiente temp. +oC a medición]],11,FALSE)/SQRT(3))),"") -> 1.23
B76: 9 | C76: =$C$68 -> NI-MCPT-06 | K76: =IFERROR(IF(AND(Cert_patrones[[#This Row],[t calibr.act]]<>"",Cert_patrones[[#This Row],[t calibr.ant]]<>""),ABS(Cert_patrones[[#This Row],[Correccion.act]]-Cert_patrones[[#This Row],[Correccion.ant]]),IF(Cert_patrones[[#This Row],[t calibr.act]]="","",VLOOKUP(Cert_patrones[[#This Row],[Código Patrón]],tblBD_PatronTerm[[Código Patrón]:[Coeficiente temp. +oC a medición]],11,FALSE)/SQRT(3))),"")
A77: 6 | B77: 1 | C77: =C20 -> NI-MCPT-41 | D77: Baño de bloque seco | E77: 50.26 | F77: 0.26 | G77: 0.26 | K77: =IFERROR(IF(AND(Cert_patrones[[#This Row],[t calibr.act]]<>"",Cert_patrones[[#This Row],[t calibr.ant]]<>""),ABS(Cert_patrones[[#This Row],[Correccion.act]]-Cert_patrones[[#This Row],[Correccion.ant]]),IF(Cert_patrones[[#This Row],[t calibr.act]]="","",VLOOKUP(Cert_patrones[[#This Row],[Código Patrón]],tblBD_PatronTerm[[Código Patrón]:[Coeficiente temp. +oC a medición]],11,FALSE)/SQRT(3))),"") -> 0.057735027
B78: 2 | C78: =$C$77 -> NI-MCPT-41 | D78: Techne | E78: 100.01 | F78: 0.01 | G78: 0.27 | K78: =IFERROR(IF(AND(Cert_patrones[[#This Row],[t calibr.act]]<>"",Cert_patrones[[#This Row],[t calibr.ant]]<>""),ABS(Cert_patrones[[#This Row],[Correccion.act]]-Cert_patrones[[#This Row],[Correccion.ant]]),IF(Cert_patrones[[#This Row],[t calibr.act]]="","",VLOOKUP(Cert_patrones[[#This Row],[Código Patrón]],tblBD_PatronTerm[[Código Patrón]:[Coeficiente temp. +oC a medición]],11,FALSE)/SQRT(3))),"") -> 0.057735027
B79: 3 | C79: =$C$77 -> NI-MCPT-41 | D79: Indicador | E79: 200.12 | F79: 0.12 | G79: 0.26 | K79: =IFERROR(IF(AND(Cert_patrones[[#This Row],[t calibr.act]]<>"",Cert_patrones[[#This Row],[t calibr.ant]]<>""),ABS(Cert_patrones[[#This Row],[Correccion.act]]-Cert_patrones[[#This Row],[Correccion.ant]]),IF(Cert_patrones[[#This Row],[t calibr.act]]="","",VLOOKUP(Cert_patrones[[#This Row],[Código Patrón]],tblBD_PatronTerm[[Código Patrón]:[Coeficiente temp. +oC a medición]],11,FALSE)/SQRT(3))),"") -> 0.057735027
B80: 4 | C80: =$C$77 -> NI-MCPT-41 | E80: 350.18 | F80: 0.18 | G80: 0.26 | K80: =IFERROR(IF(AND(Cert_patrones[[#This Row],[t calibr.act]]<>"",Cert_patrones[[#This Row],[t calibr.ant]]<>""),ABS(Cert_patrones[[#This Row],[Correccion.act]]-Cert_patrones[[#This Row],[Correccion.ant]]),IF(Cert_patrones[[#This Row],[t calibr.act]]="","",VLOOKUP(Cert_patrones[[#This Row],[Código Patrón]],tblBD_PatronTerm[[Código Patrón]:[Coeficiente temp. +oC a medición]],11,FALSE)/SQRT(3))),"") -> 0.057735027
B81: 5 | C81: =$C$77 -> NI-MCPT-41 | K81: =IFERROR(IF(AND(Cert_patrones[[#This Row],[t calibr.act]]<>"",Cert_patrones[[#This Row],[t calibr.ant]]<>""),ABS(Cert_patrones[[#This Row],[Correccion.act]]-Cert_patrones[[#This Row],[Correccion.ant]]),IF(Cert_patrones[[#This Row],[t calibr.act]]="","",VLOOKUP(Cert_patrones[[#This Row],[Código Patrón]],tblBD_PatronTerm[[Código Patrón]:[Coeficiente temp. +oC a medición]],11,FALSE)/SQRT(3))),"")
B82: 6 | C82: =$C$77 -> NI-MCPT-41 | K82: =IFERROR(IF(AND(Cert_patrones[[#This Row],[t calibr.act]]<>"",Cert_patrones[[#This Row],[t calibr.ant]]<>""),ABS(Cert_patrones[[#This Row],[Correccion.act]]-Cert_patrones[[#This Row],[Correccion.ant]]),IF(Cert_patrones[[#This Row],[t calibr.act]]="","",VLOOKUP(Cert_patrones[[#This Row],[Código Patrón]],tblBD_PatronTerm[[Código Patrón]:[Coeficiente temp. +oC a medición]],11,FALSE)/SQRT(3))),"")
B83: 7 | C83: =$C$77 -> NI-MCPT-41 | K83: =IFERROR(IF(AND(Cert_patrones[[#This Row],[t calibr.act]]<>"",Cert_patrones[[#This Row],[t calibr.ant]]<>""),ABS(Cert_patrones[[#This Row],[Correccion.act]]-Cert_patrones[[#This Row],[Correccion.ant]]),IF(Cert_patrones[[#This Row],[t calibr.act]]="","",VLOOKUP(Cert_patrones[[#This Row],[Código Patrón]],tblBD_PatronTerm[[Código Patrón]:[Coeficiente temp. +oC a medición]],11,FALSE)/SQRT(3))),"")
B84: 8 | C84: =$C$77 -> NI-MCPT-41 | K84: =IFERROR(IF(AND(Cert_patrones[[#This Row],[t calibr.act]]<>"",Cert_patrones[[#This Row],[t calibr.ant]]<>""),ABS(Cert_patrones[[#This Row],[Correccion.act]]-Cert_patrones[[#This Row],[Correccion.ant]]),IF(Cert_patrones[[#This Row],[t calibr.act]]="","",VLOOKUP(Cert_patrones[[#This Row],[Código Patrón]],tblBD_PatronTerm[[Código Patrón]:[Coeficiente temp. +oC a medición]],11,FALSE)/SQRT(3))),"")
B85: 9 | C85: =$C$77 -> NI-MCPT-41 | K85: =IFERROR(IF(AND(Cert_patrones[[#This Row],[t calibr.act]]<>"",Cert_patrones[[#This Row],[t calibr.ant]]<>""),ABS(Cert_patrones[[#This Row],[Correccion.act]]-Cert_patrones[[#This Row],[Correccion.ant]]),IF(Cert_patrones[[#This Row],[t calibr.act]]="","",VLOOKUP(Cert_patrones[[#This Row],[Código Patrón]],tblBD_PatronTerm[[Código Patrón]:[Coeficiente temp. +oC a medición]],11,FALSE)/SQRT(3))),"")
A86: 7 | B86: 1 | C86: =C21 -> NI-MCPT-36 | D86: Medidor de temperatura dual | K86: =IFERROR(IF(AND(Cert_patrones[[#This Row],[t calibr.act]]<>"",Cert_patrones[[#This Row],[t calibr.ant]]<>""),ABS(Cert_patrones[[#This Row],[Correccion.act]]-Cert_patrones[[#This Row],[Correccion.ant]]),IF(Cert_patrones[[#This Row],[t calibr.act]]="","",VLOOKUP(Cert_patrones[[#This Row],[Código Patrón]],tblBD_PatronTerm[[Código Patrón]:[Coeficiente temp. +oC a medición]],11,FALSE)/SQRT(3))),"")
B87: 2 | C87: =$C$86 -> NI-MCPT-36 | D87: ST-4 | K87: =IFERROR(IF(AND(Cert_patrones[[#This Row],[t calibr.act]]<>"",Cert_patrones[[#This Row],[t calibr.ant]]<>""),ABS(Cert_patrones[[#This Row],[Correccion.act]]-Cert_patrones[[#This Row],[Correccion.ant]]),IF(Cert_patrones[[#This Row],[t calibr.act]]="","",VLOOKUP(Cert_patrones[[#This Row],[Código Patrón]],tblBD_PatronTerm[[Código Patrón]:[Coeficiente temp. +oC a medición]],11,FALSE)/SQRT(3))),"")
B88: 3 | C88: =$C$86 -> NI-MCPT-36 | D88: Sensor | K88: =IFERROR(IF(AND(Cert_patrones[[#This Row],[t calibr.act]]<>"",Cert_patrones[[#This Row],[t calibr.ant]]<>""),ABS(Cert_patrones[[#This Row],[Correccion.act]]-Cert_patrones[[#This Row],[Correccion.ant]]),IF(Cert_patrones[[#This Row],[t calibr.act]]="","",VLOOKUP(Cert_patrones[[#This Row],[Código Patrón]],tblBD_PatronTerm[[Código Patrón]:[Coeficiente temp. +oC a medición]],11,FALSE)/SQRT(3))),"")
B89: 4 | C89: =$C$86 -> NI-MCPT-36 | K89: =IFERROR(IF(AND(Cert_patrones[[#This Row],[t calibr.act]]<>"",Cert_patrones[[#This Row],[t calibr.ant]]<>""),ABS(Cert_patrones[[#This Row],[Correccion.act]]-Cert_patrones[[#This Row],[Correccion.ant]]),IF(Cert_patrones[[#This Row],[t calibr.act]]="","",VLOOKUP(Cert_patrones[[#This Row],[Código Patrón]],tblBD_PatronTerm[[Código Patrón]:[Coeficiente temp. +oC a medición]],11,FALSE)/SQRT(3))),"")
B90: 5 | C90: =$C$86 -> NI-MCPT-36 | K90: =IFERROR(IF(AND(Cert_patrones[[#This Row],[t calibr.act]]<>"",Cert_patrones[[#This Row],[t calibr.ant]]<>""),ABS(Cert_patrones[[#This Row],[Correccion.act]]-Cert_patrones[[#This Row],[Correccion.ant]]),IF(Cert_patrones[[#This Row],[t calibr.act]]="","",VLOOKUP(Cert_patrones[[#This Row],[Código Patrón]],tblBD_PatronTerm[[Código Patrón]:[Coeficiente temp. +oC a medición]],11,FALSE)/SQRT(3))),"")
B91: 6 | C91: =$C$86 -> NI-MCPT-36 | K91: =IFERROR(IF(AND(Cert_patrones[[#This Row],[t calibr.act]]<>"",Cert_patrones[[#This Row],[t calibr.ant]]<>""),ABS(Cert_patrones[[#This Row],[Correccion.act]]-Cert_patrones[[#This Row],[Correccion.ant]]),IF(Cert_patrones[[#This Row],[t calibr.act]]="","",VLOOKUP(Cert_patrones[[#This Row],[Código Patrón]],tblBD_PatronTerm[[Código Patrón]:[Coeficiente temp. +oC a medición]],11,FALSE)/SQRT(3))),"")
B92: 7 | C92: =$C$86 -> NI-MCPT-36 | K92: =IFERROR(IF(AND(Cert_patrones[[#This Row],[t calibr.act]]<>"",Cert_patrones[[#This Row],[t calibr.ant]]<>""),ABS(Cert_patrones[[#This Row],[Correccion.act]]-Cert_patrones[[#This Row],[Correccion.ant]]),IF(Cert_patrones[[#This Row],[t calibr.act]]="","",VLOOKUP(Cert_patrones[[#This Row],[Código Patrón]],tblBD_PatronTerm[[Código Patrón]:[Coeficiente temp. +oC a medición]],11,FALSE)/SQRT(3))),"")
B93: 8 | C93: =$C$86 -> NI-MCPT-36 | K93: =IFERROR(IF(AND(Cert_patrones[[#This Row],[t calibr.act]]<>"",Cert_patrones[[#This Row],[t calibr.ant]]<>""),ABS(Cert_patrones[[#This Row],[Correccion.act]]-Cert_patrones[[#This Row],[Correccion.ant]]),IF(Cert_patrones[[#This Row],[t calibr.act]]="","",VLOOKUP(Cert_patrones[[#This Row],[Código Patrón]],tblBD_PatronTerm[[Código Patrón]:[Coeficiente temp. +oC a medición]],11,FALSE)/SQRT(3))),"")
B94: 9 | C94: =$C$86 -> NI-MCPT-36 | K94: =IFERROR(IF(AND(Cert_patrones[[#This Row],[t calibr.act]]<>"",Cert_patrones[[#This Row],[t calibr.ant]]<>""),ABS(Cert_patrones[[#This Row],[Correccion.act]]-Cert_patrones[[#This Row],[Correccion.ant]]),IF(Cert_patrones[[#This Row],[t calibr.act]]="","",VLOOKUP(Cert_patrones[[#This Row],[Código Patrón]],tblBD_PatronTerm[[Código Patrón]:[Coeficiente temp. +oC a medición]],11,FALSE)/SQRT(3))),"")
A95: 8 | B95: 1 | C95: =C22 -> NI-MCPT-40-1 | D95: Termómetro digital | E95: -30.07 | F95: -1.57 | G95: 0.12 | H95: -30.04 | I95: -1.6 | J95: 0.28 | K95: =ABS(Cert_patrones[[#This Row],[Correccion.act]]-Cert_patrones[[#This Row],[Correccion.ant]]) -> 0.03
B96: 2 | C96: =$C$95 -> NI-MCPT-40-1 | D96: Canal 1 | E96: 0.01 | F96: -0.59 | G96: 0.12 | H96: -0.01 | I96: -0.61 | J96: 0.28 | K96: =ABS(Cert_patrones[[#This Row],[Correccion.act]]-Cert_patrones[[#This Row],[Correccion.ant]]) -> 0.02
B97: 3 | C97: =$C$95 -> NI-MCPT-40-1 | E97: 101.35 | F97: 0.15 | G97: 0.26 | H97: 100.24 | I97: 0.44 | J97: 0.28 | K97: =ABS(Cert_patrones[[#This Row],[Correccion.act]]-Cert_patrones[[#This Row],[Correccion.ant]]) -> 0.29
B98: 4 | C98: =$C$95 -> NI-MCPT-40-1 | E98: 199.43 | F98: -0.77 | G98: 0.29 | H98: 199.69 | I98: -0.17 | J98: 0.28 | K98: =ABS(Cert_patrones[[#This Row],[Correccion.act]]-Cert_patrones[[#This Row],[Correccion.ant]]) -> 0.6
B99: 5 | C99: =$C$95 -> NI-MCPT-40-1 | E99: 349.36 | F99: -0.14 | G99: 0.37 | H99: 599.27 | I99: -0.23 | J99: 0.28 | K99: =ABS(Cert_patrones[[#This Row],[Correccion.act]]-Cert_patrones[[#This Row],[Correccion.ant]]) -> 0.09
B100: 6 | C100: =$C$95 -> NI-MCPT-40-1 | E100: 598.27 | F100: -0.75 | G100: 0.51 | H100: 0 | I100: 0 | J100: 0 | K100: =ABS(Cert_patrones[[#This Row],[Correccion.act]]-Cert_patrones[[#This Row],[Correccion.ant]]) -> 0.75
B101: 7 | C101: =$C$95 -> NI-MCPT-40-1 | K101: =IFERROR(IF(AND(Cert_patrones[[#This Row],[t calibr.act]]<>"",Cert_patrones[[#This Row],[t calibr.ant]]<>""),ABS(Cert_patrones[[#This Row],[Correccion.act]]-Cert_patrones[[#This Row],[Correccion.ant]]),IF(Cert_patrones[[#This Row],[t calibr.act]]="","",VLOOKUP(Cert_patrones[[#This Row],[Código Patrón]],tblBD_PatronTerm[[Código Patrón]:[Coeficiente temp. +oC a medición]],11,FALSE)/SQRT(3))),"")
B102: 8 | C102: =$C$95 -> NI-MCPT-40-1 | K102: =IFERROR(IF(AND(Cert_patrones[[#This Row],[t calibr.act]]<>"",Cert_patrones[[#This Row],[t calibr.ant]]<>""),ABS(Cert_patrones[[#This Row],[Correccion.act]]-Cert_patrones[[#This Row],[Correccion.ant]]),IF(Cert_patrones[[#This Row],[t calibr.act]]="","",VLOOKUP(Cert_patrones[[#This Row],[Código Patrón]],tblBD_PatronTerm[[Código Patrón]:[Coeficiente temp. +oC a medición]],11,FALSE)/SQRT(3))),"")
B103: 9 | C103: =$C$95 -> NI-MCPT-40-1 | K103: =IFERROR(IF(AND(Cert_patrones[[#This Row],[t calibr.act]]<>"",Cert_patrones[[#This Row],[t calibr.ant]]<>""),ABS(Cert_patrones[[#This Row],[Correccion.act]]-Cert_patrones[[#This Row],[Correccion.ant]]),IF(Cert_patrones[[#This Row],[t calibr.act]]="","",VLOOKUP(Cert_patrones[[#This Row],[Código Patrón]],tblBD_PatronTerm[[Código Patrón]:[Coeficiente temp. +oC a medición]],11,FALSE)/SQRT(3))),"")
A104: 9 | B104: 1 | C104: =C23 -> NI-MCPT-40-2 | D104: Termómetro digital | E104: -30.07 | F104: -1.57 | G104: 0.12 | H104: -30.04 | I104: -1.6 | J104: 0.28 | K104: =ABS(Cert_patrones[[#This Row],[Correccion.act]]-Cert_patrones[[#This Row],[Correccion.ant]]) -> 0.03
B105: 2 | C105: =$C$104 -> NI-MCPT-40-2 | D105: Canal 2 | E105: 0.01 | F105: -0.59 | G105: 0.12 | H105: -0.01 | I105: -0.61 | J105: 0.28 | K105: =ABS(Cert_patrones[[#This Row],[Correccion.act]]-Cert_patrones[[#This Row],[Correccion.ant]]) -> 0.02
B106: 3 | C106: =$C$104 -> NI-MCPT-40-2 | E106: 101.35 | F106: 0.15 | G106: 0.26 | H106: 100.24 | I106: 0.44 | J106: 0.28 | K106: =ABS(Cert_patrones[[#This Row],[Correccion.act]]-Cert_patrones[[#This Row],[Correccion.ant]]) -> 0.29
B107: 4 | C107: =$C$104 -> NI-MCPT-40-2 | E107: 199.43 | F107: -0.77 | G107: 0.29 | H107: 199.69 | I107: -0.17 | J107: 0.28 | K107: =ABS(Cert_patrones[[#This Row],[Correccion.act]]-Cert_patrones[[#This Row],[Correccion.ant]]) -> 0.6
...

Sheet BD Clientes
A2: METROLOGÍA CONSULTORES DE NICARAGUA, S.A.
B3: Base de datos de clientes
A5: Clave | B5: Nombre | C5: Direccion
A6: 1 | B6: A&T Nicaragua S.A. | C6: Coyotepe, 800 m norte
A7: 2 | B7: Aalfs Uno S.A. | C7: km 105 Carretera Panamericana Sebaco, Matagalpa, Nicaragua
A8: 3 | B8: ABASA Coca-Cola | C8: km 126,5 ruta al Atlántico, Rio Hondo, Zacapa - Guatemala
A9: 4 | B9: Aceitera EL Real S.A. | C9: Rotonda Los Encuentros, 300 m sur
A10: 5 | B10: ACI-ACN | C10: Lotería Nacional, 300 m oeste. Entrada a Edificio Agricorp
A11: 6 | B11: Acopio y Procesadora de Leche San Antonio/Sarawas | C11: Carretera a Siuna KM 265 a 200 varas del puente del río wapi Mulukukú RACCN
A12: 7 | B12: ACQUASU S.A. de CV | C12: km 4,5 Carretera Norte
A13: 8 | B13: Agencia Aduanera GRH S,A. | C13: De Los Semáforos de Sabana Grande 1 500 m Este.
A14: 9 | B14: Agricola el Cardon S.A. | C14: Chinandega el Realejo - Carrtera a Corinto, trocha cañera el Ensayo 5 km
A15: 10 | B15: Agricola Nicavista | C15: Ciudad Rama, Atlántico Sur, Nicaragua
A16: 11 | B16: Agricola El Rosario, S.A. | C16: El Realejo, km. 145 carretera Chinandega - Corinto, luego 10 km. hacia adentro, hasta llegar a la finca.
... A55: 50 | B55: Bolsa Agropecuaria de Nicaragua S.A. | C55: km 8,5 Carretera Masaya, 100 m Oeste, Managua
A56: 51 | B56: Bolsa de comercio S.A
A57: 52 | B57: Borinquen, S.A | C57: Km 179, carretera a Muy Muy, El Plomo, San Ramón, Matagalpa
A58: 53 | B58: Brands of The World in America S.A. | C58: Km 45 carretera al Pacifico La Boquita, Diriamba, Carazo
A59: 54 | B59: Brito Real Estate S.A. | C59: km 10 Carretera Tola-Las Salinas, Rivas
A60: 55 | B60: Burke Agro de Nicaragua S.A. | C60: 3 Cruces, 400 m oeste, San Marcos
A61: 56 | B61: Café Soluble S.A. (Laboratorio Cereales) | C61: km 8,5 carretera norte, 800 m al norte
A62: 57 | B62: Café Soluble S.A. (Laboratorio Soluble) | C62: km 8,5 carretera norte, 800 m al norte
A63: 58 | B63: Café Soluble S.A. (Planta) | C63: km 8,5 carretera norte, 800 m al norte
A64: 59 | B64: Cafetalera Castellon S.A. | C64: Km 107 carretera a Matagalpa. Entrada a Chagüitillo 1,5 Km al norte. Matagalpa, Nicaragua.
A65: 60 | B65: Cafetalera La Bastilla S.A. | C65: Jinotega, Banpro 100 m Este
A66: 61 | B66: Camanica Zona Franca, S.A. | C66: km 130 Carretera a Chinandega
A67: 62 | B67: Cambridge Internacional,S.A. | C67: km 3,5 Carretera Norte. El Nuevo Diario 150 m oeste
A68: 63 | B68: Campresa Mariscos Procesadores S.A. | C68: km 106 1/2 Carretera panaméricana- Rivas
... A111: 106 | B111: DHL Global Forwarding Nicaragua S.A. | C111: Camino de oriente, edificio U frente al gimnasio Try Fitness
A112: 107 | B112: Delicarnes, S.A
A113: 108 | B113: Dicegsa | C113: Carretera Sur, km 7, 800 m al este
A114: 109 | B114: Dimex Nicaragua S.A. | C114: Estación Uno plaza el sol 1 cuadra al sur y 1 1/2 media cuadra abajo
A115: 110 | B115: Diseño y Supervisión, Control de Calidad, S.A (DYSCONCSA) | C115: Semáforos del seminario 1C al Norte, 1C Oeste. Casa esquinera – Managua, Nicaragua.
A116: 111 | B116: Distribuidora de Carbón El Milagrito | C116: km 44,5 Carretera Vieja a León, Empalme El Transito, 5 km Sur.
A117: 112 | B117: Distribuidora Internacional Medwell Nicaragua, S.A | C117: Entrada Principal Oncológico 4c al Este, 4c al sur, Lomas de San Judas, Managua
A118: 113 | B118: Disnorte-Dissur | C118: Km 16 carretera nueva a Leon, detrás del cementerio los Brasiles
A119: 114 | B119: Doselva, S.A | C119: Granada, de Laboratorio Ceguel 300 metros carretera los malacos
A120: 115 | B120: Draexlmaier Partes Automotrices Nicaragua S.A | C120: km 25,5 Carretera a Masaya
A121: 116 | B121: Drew Estate Tobacco Company S.A. | C121: Donde fueron Las Aldeas SOS, Barrio Oscar Gamez N°2, Estelí
A122: 117 | B122: Drogueria Rocha | C122: km 15,2 Carretera Managua-Masaya
A123: 118 | B123: E Chamorro Industrial S.A. | C123: km 15,2 Carretera a Masaya
A124: 119 | B124: Eddy Job Pallais Vallecillo | C124: La Paz Centro, cancha 100 m Oeste, 50 m Norte
... A177: 172 | B177: Impelsa | C177: km 6,5 Carretera Norte, Contiguo a Bodega Pollo Estrella
B178: Impexca S.A. | C178: Frente al Restaurante El Pullazo, Las Tejas km 125, Carretera Matagalpa Sebaco
A179: 173 | B179: INBRA-Instituto Nicaragüense de Biotecnología y Reproducción Animal | C179: km 9,5 Carretera a Masaya, contiguo al Hospital Vivian Pellas
A180: 174 | B180: Incasa | C180: km 30 Carretera Managua-Granada
A181: 175 | B181: Industria Cerámica Centroamericana, S.A | C181: km 5,5 Carretera Norte
A182: 176 | B182: Industria de Envases Tecnificados S.A. | C182: km 11 Carretera Nueva a León 300 m Oeste, 100 m Sur
A183: 177 | B183: Industria Nacional de Refrescos, S.A. (FEMSA) | C183: km 4,5 Carretera Norte
A184: 178 | B184: Industrias Nicaraguenses Diversificadas, S.A (Pixca) | C184: Km 29 Carretera Masaya Tipitapa. Finca Ave Azul
A185: 179 | B185: Industria Robelo Camacho S.A. | C185: Banpro 100 m al Este, 10 vrs al Sur, Matagalpa-Nicaragua
A186: 180 | B186: Industria Textilera Sil, S.A | C186: Km 12.5 Carretera Norte Parque Industrial las Mercedes Módulo 10
A187: 181 | B187: Industrial Comercial San Martin, S.A. | C187: km 67,5 Carretera Panamericana Sur
A188: 182 | B188: Industrias Cárnicas Integradas, S.A. | C188: km 7,5 Carretera Norte
A189: 183 | B189: Industrias Delmor S.A. | C189: km 7 Carretera Sur, contiguo a UNO 7 Sur
A190: 184 | B190: Industrias Edison S.A. | C190: Banpro Ciudad Jardin 100 m Norte, 100 Este
... A206: 200 | B206: Instituto Nicaragüense del Cemento y del Concreto (INCYC) | C206: Canal 2; 200 m al oeste; 150 m al sur; Residencial Bolonia; 48 15 Av. Suroeste.
B207: Instituto Nicaraguense de Energía, INE | C207: Frente al portón Lugo Renta Car, Bolonia
B208: INSUMA-Institutos De Suelos Y Materiales | C208: Rotonda Centroamérica 350 metros al oeste. Managua, Nicaragua
A209: 201 | B209: Insumos Disagro S.A. | C209: Paso a Desnivel Portezuelo 300 m Norte
A210: 202 | B210: Internacional de Textiles S.A. | C210: km 12,5 Carretera Norte, Zona Franca Industrial Las Mercedes, módulos 32-33 y 45
A211: 203 | B211: Intertek Caleb Brett Panama, Inc. | C211: Calle Nueva, de donde fue el Resturante Bohemio 50 m Oeste, Corinto, Nicaragua
A212: 204 | B212: Intesal S.A. | C212: De la UdeM 200 m Este 50 m Sur
A213: 205 | B213: Inversiones en Concreto S.A. | C213: km 26,5 Carretera Tipitapa - Masaya
A214: 206 | B214: Inversiones Nicafish | C214: Km 15 1/2 Carretera Nueva a Tipitapa, Managua.
A215: 207 | B215: Inversiones Secoya S.A. | C215: Empalme cuesta el plomo 300 m al este 400 m al norte
A216: 208 | B216: Inversiones Vargas S.A. | C216: Semaforos del Club Terraza, 75 vrs Sur, Edificio Discover II-3er piso
A217: 209 | B217: Inversiones y productos de Centroamerica S.A. | C217: Boulevar de Las Brisas, entrada Inst. Ramirez Goyena 1 C al Oeste, 1 C al Sur, Managua, Nicaragua.
A218: 210 | B218: Investigación y Control de Calidad S.A. - Nicaragua | C218: De la rotonda de Villa Fontana Norte 200 m Sur 200 m Oeste Condominio Los Soveche, Apartamento 1 Managua
A219: 211 | B219: Iprocen S.A. | C219: Puente El Edén 100 m norte, 100 m este, 75 m norte
A220: 212 | B220: Jaime Herrera | C220: Ciudad el Doral, km 19,5 carretera nueva a León
... A226: 218 | B226: Kola Shaler Industrial S.A. | C226: km 2 Carretera a Sabana Grande
B227: Korea Nicaragua, S.A | C227: Edificio el Centro 1. Segundo piso, Contiguo a Casa Pellas Plaza España.
A228: 219 | B228: Kuali prosis | C228: Frente Iglesia el Calvario 75 varas abajo, Chinandega
A229: 220 | B229: Kufferath Nicaragua S.A. | C229: Carretera Norte ,km 7,5 Parque Industrial El Transito, Managua
A230: 221 | B230: La India Gold S.A. | C230: Mina La India, km 174 Carretera León-San Isidro
A231: 222 | B231: La Montaña, S.A | C231: Km 217 Crretera al Rama La Gateada Chontales
A232: 223 | B232: Labnicsa | C232: Rotonda Rubén Darío 100 m al Sur 50 m al Oeste
A233: 224 | B233: Laboratorio Ambiental Pronic | C233: AV. 20 SE Ciudad Jardin, K-15, Managua
A234: 225 | B234: Laboratorio Clinico San Angel | C234: Esquina de Los Bancos 50 m Sur, Chinandega
A235: 226 | B235: Laboratorio de Análisis S.A. | C235: km 95,5 Carretera León-Chinandega Nicaragua
A236: 227 | B236: Laboratorio de Física de Radiaciones y Metrología UNAN-Managua | C236: Reciento Universitario "Ruben Darío", de La Biblioteca Central Salomón de la Selva 100 m Oeste
A237: 228 | B237: Laboratorio Nacional de Diagnostico Fitosanitario de Calidad y Semilla | C237: km 12,7 Carretera Sur, Comarca San José de Las Cañadas, Managua
A238: 229 | B238: Laboratorio Nacional de Diagnostico Veterinario y Microbiología de los Alimentos | C238: km 12,7 Carretera Sur, Comarca San José de Las Cañadas, Managua
A239: 230 | B239: Laboratorio Nacional de Residuos Químicos y Biológicos | C239: Bo. Casimiro Sotelo Enel Central 300 vrs Sur, Managua
A240: 231 | B240: Laboratorios Bengoechea S.A. | C240: km 5,5 Carretera a Masaya
B241: Laboratorios Ceguel | C241: Carretera Masaya km 45,5 Granada
A242: 232 | B242: Laboratorios Químicos S.A. | C242: km 83 Carretera León
A243: 233 | B243: Laboratorios Ramos S.A. | C243: km 4 Carretera Norte, Managua.
A244: 234 | B244: Laboratorios Servicios Agroindustriales S. A. (SERAGRO) | C244: km 138 Carretera a Corinto, Chinandega
A245: 235 | B245: Labs de Costa Rica S.A. | C245: 35 m Oeste, de la Iglesia Católica, Casa #035, Río Segundo, Alajuela, Costa Rica
A246: 236 | B246: Lácteos las Mesas | C246: Santo Tomas-Chontales, de la Pepsi 3 c. al sur
A247: 237 | B247: Lácteos Froilan | C247: km 222 Carretera Panamericana hacia la frontera del Espino, 100 mts al Oeste, Somoto, Madriz
A248: 238 | B248: Lácteos la Norteña | C248: Jinotega
A249: 239 | B249: Lala Nicaragua, S.A (Planta Altagracia) | C249: 18 y 19 Avenida Sur Oeste, Altagracia, Managua
A250: 240 | B250: Lala Nicaragua, S.A (Planta San Benito) | C250: Carretera Panamericana Norte km 35 1/2 Banda Este, San Benito Tipitapa
A251: 241 | B251: LANAMET-MIFIC | C251: km 3.5 Carretera Panamericana Norte, Managua, Nicaragua
A252: 242 | B252: Lanco Nicaragua S.A. | C252: Km 36,5 Carretera Masaya-Tipitapa, Nicaragua
A253: 243 | B253: Langostinos de Centroamérica, S.A. | C253: km 151 Carretera Chinandega al Guasuale, 2 km oeste
... A271: 261 | B271: Medisut S.A. | C271: Zona Franca Las Mercedes, km 12,5 Carretera Norte
...
